vin,make,model,year,body
WBA3N3C50EK2XXXXX,BMW,4 Series,2014,
WBA4F11020D9XXXXX,BMW,4 Series,,
WBA4F11020D9XXXXX,BMW,4,,liftback
WBA3N3C50EK2XXXXX,BMW,4 Series,2014,
WAUZZZ8T39A0XXXXX,Audi,A5,,
WAUZZZ8T39A0XXXXX,Audi,A5,,coupe
WBA3N3C50EK2XXXXX,BMW,428I (USA),,coupe
WBA2C110807AXXXXX,BMW,2 Series,,multi-purpose vehicle
WAUZZZ4M4HD0XXXXX,Audi,Q7,,SUV
WBA5J11050D0XXXXX,BMW,5 Series,,estate
WAUZZZ4M4HD0XXXXX,Audi,,,SUV
WBY2Z21040V3XXXXX,BMW,i8,2016,
WBAJJ11040EFXXXXX,BMW,X Series,,SUV
WBY2Z21040V3XXXXX,BMW,i,,coupe
WAUZZZ4G0BN0XXXXX,Audi,A7,,
WAUZZZ4G0BN0XXXXX,Audi,A7,,
WAUZZZ4G0BN0XXXXX,Audi,A7,,liftback
WBAFW11000DUXXXXX,BMW,5 Series,,
WBA7C21090G8XXXXX,BMW,7 Series,,sedan
WBAFW11000DUXXXXX,BMW,5 Series,,sedan
WAUZZZ8R5FA0XXXXX,Audi,Q5,,
WAUZZZ8R5FA0XXXXX,Audi,Q5,,
WAUZZZ8R5FA0XXXXX,Audi,Q5,,
WBAPP120X0A9XXXXX,BMW,3 Series,,
WAUZZZ8P0CA0XXXXX,Audi,A3,,
WAUZZZ8P0CA0XXXXX,Audi,A3,,hatchback
WAUZZZ4L77D0XXXXX,Audi,Q7,,
WAUZZZ8P0CA0XXXXX,Audi,A3,,
WBS41AZ020CJXXXXX,BMW,,,
WAUZZZ8P0CA0XXXXX,Audi,A3,,hatchback
WAUZZZ4L77D0XXXXX,Audi,Q7,,SUV
WBAFW91070DWXXXXX,BMW,5 Series,,sedan
WBA5C31020D0XXXXX,BMW,5 Series,,sedan
WAUZZZ4H1DN0XXXXX,Audi,,2013,
WBA3L32090KTXXXXX,BMW,3 Series,,estate
WBAVM1C58EVWXXXXX,BMW,X1,2014,SUV
WBAVM1C58EVWXXXXX,BMW,X Series,,SUV
WAUZZZ8DZ1A1XXXXX,Audi,A4,,
WAUZZZ8K0CA1XXXXX,Audi,A4,,
WAUZZZ8K0CA1XXXXX,Audi,A4,,
WBA8C51000K8XXXXX,BMW,3 Series,,sedan
WBA5V310X0FHXXXXX,BMW,3 Series,,sedan
WAUZZZF42GA0XXXXX,Audi,A4,,
WAUZZZ4G1GN1XXXXX,Audi,A6,,estate
WAUZZZ8VXEA1XXXXX,Audi,A3,,
WAUZZZ8VXEA1XXXXX,Audi,,,hatchback
WBAJM71090G6XXXXX,BMW,5 Series,,
WBA3D51060F7XXXXX,BMW,3 Series,,sedan
WAUZZZ4H0CN0XXXXX,Audi,A8,,
WAUZZZ4H0CN0XXXXX,Audi,A8,,sedan
WAUZZZ4G3JN0XXXXX,Audi,A6,2018,
WAUZZZ4H0CN0XXXXX,Audi,A8,,sedan
WAUZZZ4G3JN0XXXXX,Audi,A6,,
WAUZZZ4G3JN0XXXXX,Audi,A6,,
WBAWC91000PVXXXXX,BMW,3 Series,,sedan
WBAWC91000PVXXXXX,BMW,3 Series,,
WBAWC91000PVXXXXX,BMW,3 Series,,
WBA1C12060P7XXXXX,BMW,1 Series,,hatchback
WBA1C12060P7XXXXX,BMW,1 Series,,hatchback
WBAWY310800FXXXXX,BMW,X3,,crossover
WAUZZZ8P27A1XXXXX,Audi,A3,,
WAUZZZ8P27A1XXXXX,Audi,A3,,
WAUZZZ8P27A1XXXXX,Audi,A3,2007,
WAUZZZ8P27A1XXXXX,Audi,A3,,hatchback
WAUZZZ4M4KD0XXXXX,Audi,Q7,,
WAUZZZ4M4KD0XXXXX,Audi,Q7,,SUV
WBAMX11000DUXXXXX,BMW,5 Series,,estate
WAUZZZF45GA0XXXXX,Audi,A4,2016,
WBAVC11070VEXXXXX,BMW,3 Series,,
WBAWE71060PVXXXXX,BMW,3 Series,,coupe
WAUZZZF45GA0XXXXX,Audi,A4,,
WAUZZZF45GA0XXXXX,Audi,A4,,
WBAVC11070VEXXXXX,BMW,3 Series,,sedan
WAUZZZF45GA0XXXXX,Audi,A4,,
WAUZZZ8K4BA1XXXXX,Audi,A4,,
WBA5C91020D4XXXXX,BMW,5 Series,,sedan
WAUZZZ8K4BA1XXXXX,Audi,A4,,
WAUZZZ8T19A0XXXXX,Audi,A5,2009,
WAUZZZ4G6JN0XXXXX,Audi,A6,2018,
WBAKK71020E3XXXXX,BMW,3 Series,,
WAUZZZ4G6JN0XXXXX,Audi,A6,,
WAUZZZ4G6JN0XXXXX,Audi,A6,,estate
WAUZZZ4G6JN0XXXXX,Audi,A6,,
WBA3N51080F7XXXXX,BMW,4,,coupe
WBAKK71020E3XXXXX,BMW,3 Series,,
WBAKK71020E3XXXXX,BMW,3 Series,,coupe
WAUZZZ8T69A0XXXXX,Audi,A5,2009,
WBAVC51060VDXXXXX,BMW,3 Series,,
WBAFF41050L1XXXXX,BMW,X Series,,SUV
WAUZZZ8X7BB1XXXXX,Audi,A1,,
WAUZZZ8X7BB1XXXXX,Audi,A1,,
WAUZZZ8X7BB1XXXXX,Audi,A1,,hatchback
WBAVC51060VDXXXXX,BMW,3 Series,,sedan
WAUZZZ8VXE10XXXXX,Audi,,2014,
WBANJ31030CPXXXXX,BMW,5 Series,,estate
WBAWY710900BXXXXX,BMW,X Series,,SUV
WBA5J31000D7XXXXX,BMW,5 Series,,
WAUZZZF48LA0XXXXX,Audi,A4,,
WBAXB31000C5XXXXX,BMW,5 Series,,estate
WAUZZZF48LA0XXXXX,Audi,A4,,
WBA5J31000D7XXXXX,BMW,5 Series,,estate
WAUZZZ4F96N0XXXXX,Audi,A6,,sedan
WAUZZZ4G5CN0XXXXX,Audi,,,
WAUZZZ4F96N0XXXXX,Audi,A6,,
WAUZZZ4F96N0XXXXX,Audi,A6,,
WAUZZZ8T48A0XXXXX,Audi,A5,,
WAUZZZ8T48A0XXXXX,Audi,A5,,coupe
TRUZZZ8J7A19XXXXX,Audi,TT,,
TRUZZZ8J7A19XXXXX,Audi,,,
WAUZZZ4F56N0XXXXX,Audi,A6,2006,estate
WBAPY71050CUXXXXX,BMW,5 Series,,
WBA8J11010K6XXXXX,BMW,3 Series,,estate
WBAPY71050CUXXXXX,BMW,5 Series,,estate
WUAZZZF33L19XXXXX,Audi,Q3,,
WUAZZZF33L19XXXXX,Audi,,,SUV
WAUZZZ4F77N0XXXXX,Audi,A6,,
WAUZZZ8T9BA0XXXXX,Audi,A5,,
WAUZZZ8T9BA0XXXXX,Audi,A5,,
WAUZZZ4F77N0XXXXX,Audi,A6,,
WAUZZZ4F77N0XXXXX,Audi,A6,,SUV
WAUZZZ4F77N0XXXXX,Audi,A6,,
WAUZZZ8T9BA0XXXXX,Audi,A5,2011,
WBAGV21000CHXXXXX,BMW,,,sedan
5YMJU0C07M9EXXXXX,BMW,X5,2021,SUV
WBAKM21020C3XXXXX,BMW,7 Series,,
WAUZZZ8X5GB0XXXXX,Audi,A1,,
WBAKM21020C3XXXXX,BMW,7 Series,,sedan
WAUZZZ8X5GB0XXXXX,Audi,A1,,hatchback
WAUZZZ4G1DN0XXXXX,Audi,A6,,
WAUZZZ4G1DN0XXXXX,Audi,A6,,
WAUZZZ8V6DA0XXXXX,Audi,A3,,
WAUZZZ4G1DN0XXXXX,Audi,A6,,sedan
WAUZZZ8V6DA0XXXXX,Audi,,,hatchback
WAUZZZ8P98A1XXXXX,Audi,A3,,
WAUZZZ4G1DN0XXXXX,Audi,A6,,
WBABU51050LWXXXXX,BMW,Z Series,,convertible
WAUZZZ4G1DN0XXXXX,Audi,A6,2013,
WAUZZZF22KN1XXXXX,Audi,,,
WAUZZZ8P98A1XXXXX,Audi,A3,,hatchback
WBAKS41090LEXXXXX,BMW,X Series,,SUV
WBAFW11000C7XXXXX,BMW,5 Series,,
WBAFW11000C7XXXXX,BMW,5 Series,,sedan
WBAWB32050P0XXXXX,BMW,3 Series,,coupe
WBA3E11050F9XXXXX,BMW,3 Series,,sedan
WBAAY31070KPXXXXX,BMW,3 Series,,sedan
WAUZZZ4GXCN0XXXXX,Audi,A6,,
WAUZZZ4L8ED0XXXXX,Audi,Q7,2014,
WAUZZZ4L8ED0XXXXX,Audi,Q7,,
WAUZZZ4L8ED0XXXXX,Audi,Q7,,SUV
WAUZZZ8E25A4XXXXX,Audi,A4,,
WAUZZZ8E25A4XXXXX,Audi,A4,,
WAUZZZ8E25A4XXXXX,Audi,A4,,
WBA5J91050GVXXXXX,BMW,5 Series,,estate
WAUZZZF51LA0XXXXX,Audi,A5,,
WAUZZZF51LA0XXXXX,Audi,A5,,
WBS1H91060V8XXXXX,BMW,2 Series,,
WBS1H91060V8XXXXX,BMW,2 Series,,coupe
WAUZZZF51LA0XXXXX,Audi,A5,,liftback
WAUZZZ8R8EA0XXXXX,Audi,Q5,,
WAUAFAFL1GN0XXXXX,Audi,A4,2015,sedan
WBAPX51080C1XXXXX,BMW,5 Series,,
WAUZZZ8R8EA0XXXXX,Audi,Q5,2014,
WAUZZZ8K1FA1XXXXX,Audi,A4,2015,
WAUZZZ8R8EA0XXXXX,Audi,Q5,,
WBATX31080LBXXXXX,BMW,X Series,,SUV
WAUZZZ8R8EA0XXXXX,Audi,Q5,,
WAUZZZ8R8EA0XXXXX,Audi,Q5,,SUV
WAUZZZ8P8CA0XXXXX,Audi,A3,,hatchback
WAUZZZ8T89A0XXXXX,Audi,A5,,
WAUZZZ8K1FA1XXXXX,Audi,A4,,
WAUZZZ8K1FA1XXXXX,Audi,A4,,
WAUZZZ8K1FA1XXXXX,Audi,A4,,
WAUZZZ8K1FA1XXXXX,Audi,A4,,
WAUZZZ8T89A0XXXXX,Audi,A5,,
WBAPX51080C1XXXXX,BMW,5 Series,,estate
WAUZZZ8T89A0XXXXX,Audi,A5,,coupe
WBAPX51080C1XXXXX,BMW,5 Series,,estate
WAUZZZ8K5DA0XXXXX,Audi,A4,,
WAUZZZ8K2CA0XXXXX,Audi,A4,,
WAUZZZ8K2CA0XXXXX,Audi,A4,,
WAUZZZ8V1LA0XXXXX,Audi,,2020,sedan
WBA5K11040D9XXXXX,BMW,5 Series,,estate
WAUZZZF83JN0XXXXX,Audi,A8,,
WAUZZZF83JN0XXXXX,Audi,A8,,sedan
WAUZZZ8T78A0XXXXX,Audi,A5,,
WAUZZZF52JA0XXXXX,Audi,A5,,
WAUZZZ8T78A0XXXXX,Audi,A5,2008,
WAUZZZF52JA0XXXXX,Audi,A5,,liftback
WAUZZZF8XKN0XXXXX,Audi,A8,,sedan
WBABN51030JTXXXXX,BMW,3 Series,,coupe
WBA7F2C59GG4XXXXX,BMW,7 Series,2016,sedan
X4XKT294100YXXXXX,BMW,X Series,,SUV
WAUZZZ8UXJR0XXXXX,Audi,Q3,2018,
WAUZZZ8UXJR0XXXXX,Audi,Q3,,
WAUZZZ8UXJR0XXXXX,Audi,Q3,,
WAUZZZ4L87D0XXXXX,Audi,Q7,,
WAUZZZ8UXJR0XXXXX,Audi,Q3,,
WAUZZZ8UXJR0XXXXX,Audi,Q3,,SUV
WAUZZZ4L87D0XXXXX,Audi,Q7,,SUV
WBA7C41030G7XXXXX,BMW,7 Series,,
WBA7C41030G7XXXXX,BMW,7 Series,,sedan
WAUZZZ8T68A0XXXXX,Audi,A5,,
WAUZZZ8T68A0XXXXX,Audi,A5,2008,
WBAKH31090E7XXXXX,BMW,3 Series,,
WUAZZZF54JA9XXXXX,Audi,,,coupe
WBAKH31090E7XXXXX,BMW,3 Series,,coupe
WBA6E41090G3XXXXX,BMW,6 Series,,
WBA6E41090G3XXXXX,BMW,640dx (640dx),,
WA1LMAFE8ED0XXXXX,Audi,Q7,2014,
WA1LMAFE8ED0XXXXX,Audi,Q7,,SUV
WA1LMAFE8ED0XXXXX,Audi,Q7,,
WA1LMAFE8ED0XXXXX,Audi,Q7,,
WA1LMAFE8ED0XXXXX,Audi,Q7,2014,
WA1LMAFE8ED0XXXXX,Audi,Q7,,
WAUZZZF20LN0XXXXX,Audi,,,
WA1LMAFE8ED0XXXXX,Audi,Q7,,SUV
WBA4E71040G7XXXXX,BMW,4,,liftback
WBAVC31060VCXXXXX,BMW,3 Series,,
WBAVC31060VCXXXXX,BMW,3 Series,,sedan
WBABY720X0PPXXXXX,BMW,3 Series,,convertible
WBAWY310700AXXXXX,BMW,X3,,SUV
WBAWY310700AXXXXX,BMW,X Series,,SUV
WBAUS91090A1XXXXX,BMW,3 Series,,
WBAUS91090A1XXXXX,BMW,3 Series,,estate
WBATX51060LGXXXXX,BMW,X Series,,SUV
WBAUB91020VCXXXXX,BMW,1 Series,,hatchback
WBAHT510405JXXXXX,BMW,X Series,,SUV
WBS3R91010K4XXXXX,BMW,4 Series,,
WBS3R91010K4XXXXX,BMW,4,,coupe
WAUZZZF52JA0XXXXX,Audi,A5,,
WAUZZZF52JA0XXXXX,Audi,A5,,
WAUZZZF52JA0XXXXX,Audi,A5,,liftback
WBAKM81000CYXXXXX,BMW,7 Series,,sedan
WBAVP11090VRXXXXX,BMW,X Series,,SUV
WAUBFGFF3F10XXXXX,Audi,A3,2015,sedan
WAUZZZ8V2H10XXXXX,Audi,,,sedan
WBAKD71030E4XXXXX,BMW,3 Series,,
WBAKD71030E4XXXXX,BMW,3 Series,,
WAUBFGFF3F10XXXXX,Audi,,,sedan
WBAKD71030E4XXXXX,BMW,3 Series,,coupe
WBAVA71040PRXXXXX,BMW,3 Series,,
WBAVA71040PRXXXXX,BMW,3 Series,,sedan
WAUZZZ8K8EA0XXXXX,Audi,A4,,van
WBANC51020B1XXXXX,BMW,5 Series,,
WAUZZZ8K8EA0XXXXX,Audi,A4,,
WBANC51020B1XXXXX,BMW,5 Series,,sedan
WAUZZZ8K8EA0XXXXX,Audi,A4,,
WBA5E510X0G0XXXXX,BMW,5 Series,,
WAUZZZ8PXBA1XXXXX,Audi,A3,,
WBA5E510X0G0XXXXX,BMW,5 Series,,sedan
WBA5E510X0G0XXXXX,BMW,5 Series,,sedan
WAUZZZ8P69A0XXXXX,Audi,A3,,
WAUZZZ8P69A0XXXXX,Audi,A3,,
WAUZZZ8P69A0XXXXX,Audi,A3,,
WAUZZZ8P69A0XXXXX,Audi,A3,,hatchback
WBAWY51080L8XXXXX,BMW,X Series,,SUV
WAUZZZ8PXBA1XXXXX,Audi,A3,,hatchback
WBACV61080LJXXXXX,BMW,X Series,,SUV
WAUZZZ8V7DA0XXXXX,Audi,A3,,
WAUZZZ8V7DA0XXXXX,Audi,,,hatchback
WAUZZZ8T29A0XXXXX,Audi,A5,,
WBAUY11030F0XXXXX,BMW,3 Series,,
WBAUY11030F0XXXXX,BMW,3 Series,,
WBAUY11030F0XXXXX,BMW,3 Series,,estate
WBAJC31020WBXXXXX,BMW,5 Series,,sedan
WBA3A52080F1XXXXX,BMW,3 Series,,
WBA3A52080F1XXXXX,BMW,3 Series,,
WBABS51050EWXXXXX,BMW,3 Series,,convertible
WBA2F51050V6XXXXX,BMW,2 Series,,
WBA2F51050V6XXXXX,BMW,2 Series,,coupe
WBA3E11030F2XXXXX,BMW,3 Series,,sedan
WAUZZZ8T9AA0XXXXX,Audi,A5,,
WAUZZZ8T9AA0XXXXX,Audi,A5,,hatchback
WAUZZZ8T9AA0XXXXX,Audi,A5,,
WAUZZZ8T9AA0XXXXX,Audi,A5,,
WBAPP31070A9XXXXX,BMW,3 Series,,
WBAPP31070A9XXXXX,BMW,3 Series,2010,sedan
WBAPP31070A9XXXXX,BMW,3 Series,,
WAUZZZ4F77N0XXXXX,Audi,A6,,
WAUZZZ4F77N0XXXXX,Audi,A6,,
WAUZZZ4F77N0XXXXX,Audi,A6,,
WBAPP31070A9XXXXX,BMW,3 Series,,sedan
WBAKM41070CYXXXXX,BMW,7 Series,,sedan
WBAFF41060L1XXXXX,BMW,X5,,
WBAFF41060L1XXXXX,BMW,X5,,
WBAFF41060L1XXXXX,BMW,X5,2009,
WBAFF41060L1XXXXX,BMW,X Series,,SUV
WAUZZZ4G6GN1XXXXX,Audi,A6,,
WAUZZZ4G6GN1XXXXX,Audi,A6,2016,
WAUZZZ4G6GN1XXXXX,Audi,A6,,
WAUZZZ4G6GN1XXXXX,Audi,A6,,
WAUZZZ4G6GN1XXXXX,Audi,A6,,
WBAJC91050B2XXXXX,BMW,5 Series,,sedan
WBAJC91050B2XXXXX,BMW,5 Series,,
WBAJC91050B2XXXXX,BMW,5 Series,,sedan
WBA2E510805EXXXXX,BMW,2 Series,,
WBANX11060CXXXXXX,BMW,5 Series,,sedan
WBA2E510805EXXXXX,BMW,2 Series,,
WBA2E510805EXXXXX,BMW,2 Series,,multi-purpose vehicle
WAUZZZF4XHA0XXXXX,Audi,A4,,
WBA1S92040VDXXXXX,BMW,1 Series,,hatchback
WBAFW12000C8XXXXX,BMW,5 Series,,
WBA3X71040DXXXXXX,BMW,3 Series,,hatchback
WBA5B91000D0XXXXX,BMW,5 Series,,sedan
WBA7C01080G4XXXXX,BMW,7 Series,,sedan
TRUZZZ8NZY10XXXXX,Audi,TT,,
TRUZZZ8NZY10XXXXX,Audi,TT,,
TRUZZZ8NZY10XXXXX,Audi,TT,,
WBAVN31050VKXXXXX,BMW,X Series,,SUV
WBANX51060C0XXXXX,BMW,5 Series,,
WBANX51060C0XXXXX,BMW,5 Series,,sedan
WBANX51060C0XXXXX,BMW,5 Series,,
WBAFW11060C7XXXXX,BMW,5 Series,,sedan
WBSKG91040E3XXXXX,BMW,3 Series,,coupe
WBAKS410900CXXXXX,BMW,X Series,,SUV
WAUZZZ4F08N1XXXXX,Audi,A6,,
WAUZZZ4F08N1XXXXX,Audi,A6,,
WAUZZZ4F08N1XXXXX,Audi,A6,,
TRUC5AFV4J10XXXXX,Audi,TT,,
TRUC5AFV4J10XXXXX,Audi,TT,,coupe
WAUZZZ8T89A0XXXXX,Audi,A5,,crossover
WAUZZZ8T89A0XXXXX,Audi,A5,,
WAUZZZ8T89A0XXXXX,Audi,A5,,coupe
WBA4T320405CXXXXX,BMW,4 Series,,
WBADM11060GPXXXXX,BMW,5 Series,,sedan
WAUZZZ4F45N1XXXXX,Audi,A6,,
WAUZZZ4F45N1XXXXX,Audi,A6,,sedan
WBA5E21040G2XXXXX,BMW,5 Series,,sedan
WAUZZZ8K7DN0XXXXX,Audi,A4,,
WAUZZZ8K7DN0XXXXX,Audi,A4,,sedan
WAUZZZ8K7DN0XXXXX,Audi,A4,,sedan
WBSWD91090PYXXXXX,BMW,3 Series,,
WBSWD91090PYXXXXX,BMW,3 Series,,
WBSWD91090PYXXXXX,BMW,3 Series,,coupe
WBANY71030CTXXXXX,BMW,5 Series,,
WBANY71030CTXXXXX,BMW,5 Series,,sedan
WA1LFAFP9FA1XXXXX,Audi,Q5,2015,
WA1LFAFP9FA1XXXXX,Audi,Q5,,
WBAVR71010KSXXXXX,BMW,3 Series,,estate
WA1LFAFP9FA1XXXXX,Audi,Q5,2015,
WA1LFAFP9FA1XXXXX,Audi,Q5,,SUV
WAUZZZ8T6GA0XXXXX,Audi,A5,2016,
WAUZZZ4G5CN0XXXXX,Audi,A6,2012,
WAUZZZ8T6GA0XXXXX,Audi,A5,,sedan
WAUZZZ8T6GA0XXXXX,Audi,A5,,hatchback
WAUZZZ5GHDCBXXXXX,Audi,,,
WBA5B91030D5XXXXX,BMW,5 Series,,sedan
WAUCFAFR6EA0XXXXX,Audi,A5,2014,
WAUZZZ4LX7D0XXXXX,Audi,Q7,2006,
WAUZZZ4LX7D0XXXXX,Audi,Q7,,
WAUCFAFR6EA0XXXXX,Audi,A5,2014,
WAUZZZ4LX7D0XXXXX,Audi,Q7,,SUV
WAUCFAFR6EA0XXXXX,Audi,A5,,
WAUCFAFR6EA0XXXXX,Audi,A5,,
WAUCFAFR6EA0XXXXX,Audi,A5,,
WAUCFAFR6EA0XXXXX,Audi,A5,,
WAUCFAFR6EA0XXXXX,Audi,A5,,coupe
WBAFV31000DPXXXXX,BMW,5 Series,,sedan
WAUZZZ8V5EA1XXXXX,Audi,A3,2014,
WAUZZZ8V5EA1XXXXX,Audi,A3,,
WAUZZZ8V5EA1XXXXX,Audi,A3,2014,
WBAFV31000DPXXXXX,BMW,5 Series,,sedan
WAUZZZ4G3CN0XXXXX,Audi,A6,,estate
WAUZZZ4G3CN0XXXXX,Audi,A6,,estate
WAUZZZ4G3CN0XXXXX,Audi,,,
WAUZZZ8K8BA0XXXXX,Audi,A4,,
WUAZZZ8P6C19XXXXX,Audi,A3,,
WAUZZZ8K8BA0XXXXX,Audi,A4,,
WAUZZZ8F3CN0XXXXX,Audi,A5,,convertible
WAUZZZ8F3CN0XXXXX,Audi,A5,,
WAUZZZ8K8BA0XXXXX,Audi,A4,,
WUAZZZ8P6C19XXXXX,Audi,rs 7,,hatchback
WAUZZZ8K8BA0XXXXX,Audi,A4,,
WAUZZZ8F3CN0XXXXX,Audi,A5,2012,convertible
WBAWZ510100VXXXXX,BMW,X Series,,SUV
WAUZZZ8K89A0XXXXX,Audi,A4,,
WBA5E510X0G0XXXXX,BMW,5 Series,2015,sedan
WBA5E510X0G0XXXXX,BMW,5 Series,,sedan
WBA5E510X0G0XXXXX,BMW,5 Series,,sedan
WAUZZZ8T18A0XXXXX,Audi,A5,,
WAUZZZ8T18A0XXXXX,Audi,A5,,
WAUZZZ8T18A0XXXXX,Audi,A5,,coupe
WBA7C61070G5XXXXX,BMW,7 Series,,sedan
WBAZW41000L4XXXXX,BMW,X Series,,SUV
WAUZZZ8XXEB1XXXXX,Audi,A1,,
WAUZZZ8XXEB1XXXXX,Audi,A1,,
WAUZZZ8XXEB1XXXXX,Audi,A1,,hatchback
WAUZZZ8K89A0XXXXX,Audi,A4,,
WAUZZZ8K89A0XXXXX,Audi,A4,,
WAUZZZ8VXDA0XXXXX,Audi,,,hatchback
WAUZZZ8VXDA0XXXXX,Audi,A3,,
WAUZZZ4G0FN0XXXXX,Audi,A6,,estate
WAUZZZ4G4EN0XXXXX,Audi,A6,,
WAUZZZ4G4EN0XXXXX,Audi,A6,,
WAUZZZ8E46A2XXXXX,Audi,A4,,
WAUZZZ8E46A2XXXXX,Audi,A4,,
WAUZZZF27KN0XXXXX,Audi,A6,,
WBAMX11050C8XXXXX,BMW,5 Series,,estate
WBAJD11010G4XXXXX,BMW,5 Series,2017,sedan
WBAAP71000PPXXXXX,BMW,3 Series,,
WBAAP71000PPXXXXX,BMW,3 Series,,
WBAJD11010G4XXXXX,BMW,5 Series,,sedan
WBAAP71000PPXXXXX,BMW,3 Series,,
WAUZZZF27KN0XXXXX,Audi,A6,,estate
WBAAP71000PPXXXXX,BMW,3 Series,,estate
WAUZZZF27KN0XXXXX,Audi,,,
WAUZZZ8V7E10XXXXX,Audi,,,sedan
WBABS51090EWXXXXX,BMW,3 Series,,convertible
WBAZW6101075XXXXX,BMW,,,
WAUZZZ8E86A1XXXXX,Audi,A4,,
WBA3E11030F2XXXXX,BMW,3 Series,,
WBA3E11030F2XXXXX,BMW,3 Series,,sedan
WAUZZZ4F79N0XXXXX,Audi,A6,,
WAUZZZ4F79N0XXXXX,Audi,A6,,
WAUZZZ4F79N0XXXXX,Audi,A6,,sedan
WAUZZZ4F79N0XXXXX,Audi,A6,,
WBAGT810909NXXXXX,BMW,,,
WBAPX31010C0XXXXX,BMW,5 Series,,
WBAPX31010C0XXXXX,BMW,5 Series,,
WBS4Y91080ACXXXXX,BMW,4 Series,,
WBS4Y91080ACXXXXX,BMW,4,,coupe
WBAPX31010C0XXXXX,BMW,5 Series,,estate
WBADL71040GMXXXXX,BMW,5 Series,,sedan
WBAKS410100RXXXXX,BMW,X Series,,SUV
WBAUD91020PZXXXXX,BMW,1 Series,,hatchback
WBA1S520105CXXXXX,BMW,1 Series,,hatchback
WBALL51020J4XXXXX,BMW,Z Series,,convertible
WAUZZZF32L10XXXXX,Audi,Q3,,
WAUZZZF32L10XXXXX,Audi,Q3,,SUV
WBAFW11070C6XXXXX,BMW,5 Series,,sedan
WBAVG91050VGXXXXX,BMW,3 Series,,
WBAVG91050VGXXXXX,BMW,3 Series,,
WBAVG91050VGXXXXX,BMW,3 Series,,
WBAKM21000CYXXXXX,BMW,7 Series,,
WBAVG91050VGXXXXX,BMW,3 Series,,sedan
WBAKM21000CYXXXXX,BMW,7 Series,,
WBAKM21000CYXXXXX,BMW,7 Series,,
WBAKM21000CYXXXXX,BMW,7 Series,,sedan
WAUZZZ8K99A1XXXXX,Audi,A4,,
WBA4K31080BXXXXXX,BMW,4,,liftback
WAUZZZF58KA0XXXXX,Audi,A5,2019,
WBAEB71020CVXXXXX,BMW,6 Series,,
WBS3U91040J9XXXXX,BMW,4,,convertible
WBAEB71020CVXXXXX,BMW,6 Series,,convertible
WBAVC31090VGXXXXX,BMW,3 Series,,sedan
WBAUX51010A5XXXXX,BMW,3 Series,,
WBAUX51010A5XXXXX,BMW,3 Series,,estate
WBALS010000SXXXXX,BMW,X5,2016,
WBALS010000SXXXXX,BMW,X5,,
WBALS010000SXXXXX,BMW,X Series,,SUV
WBAFF41030L0XXXXX,BMW,X5,,
WAUZZZ4M6JD0XXXXX,Audi,Q7,2018,SUV
WBAFF41030L0XXXXX,BMW,X Series,,SUV
WBAHE61000GFXXXXX,BMW,5 Series,,sedan
WAUZZZF4XJA0XXXXX,Audi,A4,,
WAUZZZF4XJA0XXXXX,Audi,A4,,
WAUZZZF31L10XXXXX,Audi,Q3,,
WAUZZZF31L10XXXXX,Audi,Q3,,
WAUZZZF31L10XXXXX,Audi,Q3,,SUV
WAUZZZF4XJA0XXXXX,Audi,A4,,
WBA1A11040J1XXXXX,BMW,1 Series,,hatchback
WBAFW11030C7XXXXX,BMW,5 Series,,sedan
WBAPG310X0VJXXXXX,BMW,3 Series,,sedan
WAUZZZ8T8AA0XXXXX,Audi,A5,,
WAUZZZ8T8AA0XXXXX,Audi,A5,2010,
WBAZW61050L5XXXXX,BMW,X5,2011,
WBAZW61050L5XXXXX,BMW,X5,,
WBAZW61050L5XXXXX,BMW,X Series,,SUV
WAUZZZ4F99N0XXXXX,Audi,A6,,
WBAEV11060CGXXXXX,BMW,3 Series,,sedan
WAUZZZ4G9DN0XXXXX,Audi,A7,,sedan
WAUZZZ4G9DN0XXXXX,Audi,A7,2013,
WBAVC91030KSXXXXX,BMW,3 Series,,
WAUZZZF53JA0XXXXX,Audi,A5,,
WBAVC91030KSXXXXX,BMW,R,,sedan
WAUZZZF53JA0XXXXX,Audi,A5,,
WBAVC91030KSXXXXX,BMW,3 Series,,sedan
WAUZZZ4GXDN0XXXXX,Audi,A6,,
WAUZZZ4GXDN0XXXXX,Audi,A6,2012,
WAUZZZ8U0HR0XXXXX,Audi,Q3,2017,
WAUZZZ8U0HR0XXXXX,Audi,Q3,,
WAUZZZ8U0HR0XXXXX,Audi,Q3,,
WAUZZZ8U0HR0XXXXX,Audi,Q3,,SUV
WBA2R110407AXXXXX,BMW,1 Series,,hatchback
WBAVC31030VCXXXXX,BMW,3 Series,,sedan
WAUZZZ8R2CA0XXXXX,Audi,Q5,,
WAUZZZ8R2CA0XXXXX,Audi,Q5,2011,
WAUZZZ8R2CA0XXXXX,Audi,Q5,,
WBAVC31030VCXXXXX,BMW,3 Series,,sedan
WBAMX11080DYXXXXX,BMW,5 Series,,estate
WAUZZZ8R2CA0XXXXX,Audi,Q5,,SUV
WAUZZZ4F4BN0XXXXX,Audi,A6,,
WBAVC31030VXXXXXX,BMW,,,
WBAFB71070LVXXXXX,BMW,X Series,,SUV
WBA3S32000KRXXXXX,BMW,4 Series,,
WBAZW61010L5XXXXX,BMW,X Series,,SUV
WBAXA31040DWXXXXX,BMW,5 Series,,sedan
WBS4Y9C54KAGXXXXX,BMW,4 Series,,
WBS4Y9C54KAGXXXXX,BMW,4,,coupe
WAUZZZ8K4DA0XXXXX,Audi,A4,2013,estate
WBAKM21080C6XXXXX,BMW,7 Series,,
WBAKM21080C6XXXXX,BMW,7 Series,,sedan
WAUZZZ8E15A4XXXXX,Audi,A4,,
WAUZZZ8E15A4XXXXX,Audi,A4,,
WAUZZZF58LA0XXXXX,Audi,A5,,hatchback
WBA4W7C57JABXXXXX,BMW,4 Series,2018,
WBA4W7C57JABXXXXX,BMW,4 Series,,
WBAWE31000P3XXXXX,BMW,3 Series,,coupe
WBA4W7C57JABXXXXX,BMW,4,,coupe
WBABM11060JKXXXXX,BMW,3 Series,,coupe
WAUZZZ8T2BA1XXXXX,Audi,A5,,
WAUZZZ8T2BA1XXXXX,Audi,A5,,
WAUZZZ8T2BA1XXXXX,Audi,A5,,
WBAYB81080C9XXXXX,BMW,7 Series,,sedan
WAUZZZ8T2BA1XXXXX,Audi,A5,,
WAUZZZ8K1AA1XXXXX,Audi,A4,,
WBACR61000LJXXXXX,BMW,X Series,,SUV
WAUZZZ8K1AA1XXXXX,Audi,A4,,
WBA8H71070A7XXXXX,BMW,3 Series,,
WBA8H71070A7XXXXX,BMW,3 Series,,estate
WBADL910X0GWXXXXX,BMW,5 Series,,
WBADL910X0GWXXXXX,BMW,5 Series,,sedan
WBADL910X0GWXXXXX,BMW,5 Series,,sedan
WAUZZZ8K0BA0XXXXX,Audi,A4,,
WBABT31070LRXXXXX,BMW,Z Series,,convertible
WBAUD71060P4XXXXX,BMW,1 Series,,hatchback
WAUZZZ8K59A1XXXXX,Audi,A4,,
WAUZZZ4F8AN0XXXXX,Audi,A6,,
WAUZZZ8K59A1XXXXX,Audi,A4,,
WAUZZZ8K59A1XXXXX,Audi,A4,,
WAUZZZ8K59A1XXXXX,Audi,A4,,
WBA5E51080G1XXXXX,BMW,5 Series,,sedan
WBA3D3C58EK1XXXXX,BMW,3 Series,2014,
WBA3D3C58EK1XXXXX,BMW,3 Series,2014,sedan
WBA3D3C58EK1XXXXX,BMW,3 Series,,
WBA3D3C58EK1XXXXX,BMW,3 Series,,sedan
WBAEV11020KKXXXXX,BMW,3 Series,,sedan
WBAPA72080WDXXXXX,BMW,X3,,estate
WBAVS110X0AGXXXXX,BMW,3 Series,,estate
WBAFW31000C5XXXXX,BMW,5 Series,,
WBANG51000B3XXXXX,BMW,5 Series,,estate
WBAFW31000C5XXXXX,BMW,5 Series,,sedan
WBAYA6C5XDC9XXXXX,BMW,7 Series,2013,
WAUZZZ8U3ER1XXXXX,Audi,Q3,2014,
WUAZZZ8T1BA9XXXXX,Audi,80,,
WUAZZZ8T1BA9XXXXX,Audi,A5,,
WAUZZZ8U3ER1XXXXX,Audi,Q3,,
WAUZZZ8U3ER1XXXXX,Audi,Q3,2014,
WAUZZZ8U3ER1XXXXX,Audi,Q3,,estate
WAUZZZ8U3ER1XXXXX,Audi,Q3,,SUV
WAUZZZ8E62A0XXXXX,Audi,A4,,
WAUZZZ8E62A0XXXXX,Audi,A4,,
WAUZZZ8E62A0XXXXX,Audi,A4,,
WAUZZZ8K69A1XXXXX,Audi,A4,,
WAUZZZ8K69A1XXXXX,Audi,A4,2009,estate
WAUZZZ8V6FA0XXXXX,Audi,A3,,hatchback
WBAAX51070PDXXXXX,BMW,3 Series,,estate
WAUZZZ8H67K0XXXXX,Audi,A4,,
WAUZZZ8H67K0XXXXX,Audi,A4,,convertible
WAUZZZ8H67K0XXXXX,Audi,A4,,convertible
WAUZZZ4L4DD0XXXXX,Audi,Q7,,SUV
WBANC910X0B7XXXXX,BMW,5 Series,,sedan
WAUZZZ8T6AA0XXXXX,Audi,A5,,
WAUZZZ8T6AA0XXXXX,Audi,A5,,
WAUZZZ8R0EA0XXXXX,Audi,Q5,,estate
WAUZZZ8R0EA0XXXXX,Audi,,,SUV
WAUZZZ4G5DN1XXXXX,Audi,,,
WBAYC21060D1XXXXX,BMW,7 Series,,sedan
WBAAS71010FYXXXXX,BMW,3 Series,,sedan
WBAYC21060D1XXXXX,BMW,7 Series,,sedan
WBA1S51010V9XXXXX,BMW,1 Series,,hatchback
WBATX35000NCXXXXX,BMW,X Series,,SUV
WBATX35000NCXXXXX,BMW,X3,,
WBA4X910X0AEXXXXX,BMW,4 Series,,
WBA4X910X0AEXXXXX,BMW,4 Series,,
WBA4X910X0AEXXXXX,BMW,4,,coupe
WAUZZZ8U9DR0XXXXX,Audi,Q3,2013,
WBA1S51010V9XXXXX,BMW,1 Series,,hatchback
WAUZZZ8U9DR0XXXXX,Audi,Q3,,
WAUZZZ8U9DR0XXXXX,Audi,Q3,,
WAUZZZ8U9DR0XXXXX,Audi,Q3,,SUV
WAUZZZ8E52A0XXXXX,Audi,A4,,
WBA7V41090BMXXXXX,BMW,7 Series,,sedan
WAUZZZ8R0BA1XXXXX,Audi,Q5,,
WAUZZZ8R0BA1XXXXX,Audi,Q5,,
WAUZZZ8R0BA1XXXXX,Audi,Q5,,van
WAUZZZ8R0BA1XXXXX,Audi,Q5,,SUV
WAUZZZ4E08N0XXXXX,Audi,A8,,sedan
WAUZZZ4E08N0XXXXX,Audi,A8,2008,
WBANC51040CNXXXXX,BMW,5 Series,,sedan
WBADL81060GXXXXXX,BMW,5 Series,,sedan
WBAJP51070BVXXXXX,BMW,5 Series,,estate
WBA2C11050V3XXXXX,BMW,2 Series,,
WBA2C11050V3XXXXX,BMW,2 Series,,
WAUZZZF29LN0XXXXX,Audi,A6,,estate
WBA2C11050V3XXXXX,BMW,2 Series,,multi-purpose vehicle
WAUZZZF29LN0XXXXX,Audi,,,
WAUZZZ8P45A0XXXXX,Audi,A3,,
WAUZZZ8P45A0XXXXX,Audi,A3,,hatchback
WAUZZZ8P55A1XXXXX,Audi,A3,,
WAUZZZ8P55A1XXXXX,Audi,A3,,hatchback
WBA7C41090G5XXXXX,BMW,7 Series,,sedan
WAUZZZ8T9FA0XXXXX,Audi,A5,2015,
WBAKV610400NXXXXX,BMW,X6,,SUV
WAUZZZ8T9FA0XXXXX,Audi,A5,,
WAUZZZ8T9FA0XXXXX,Audi,A5,,
WBAFW12040DVXXXXX,BMW,5 Series,,
WAUZZZ8T9FA0XXXXX,Audi,A5,,
WAUZZZ4G2DN1XXXXX,Audi,,,
WAUZZZ4F38N1XXXXX,Audi,A6,,
WAUZZZ4F38N1XXXXX,Audi,A6,,
WBADH61070BXXXXXX,BMW,5 Series,,
WAUZZZ4F38N1XXXXX,Audi,A6,,
WBA8J11020K6XXXXX,BMW,3 Series,,
WBA8J11020K6XXXXX,BMW,R,,van
WAUZZZF49JA0XXXXX,Audi,A4,,
WAUZZZF49JA0XXXXX,Audi,A4,,
WBA8J11020K6XXXXX,BMW,3 Series,,
WAUZZZF49JA0XXXXX,Audi,A4,,
WBA8J11020K6XXXXX,BMW,3 Series,,estate
WBANM71020CPXXXXX,BMW,5 Series,,
WBAUB92000VFXXXXX,BMW,1 Series,,hatchback
WBADH61070BXXXXXX,BMW,5 Series,,
WBANM71020CPXXXXX,BMW,5 Series,,
WBADH61070BXXXXXX,BMW,5 Series,,
WBADH61070BXXXXXX,BMW,5 Series,,estate
WBANM71020CPXXXXX,BMW,5 Series,,sedan
WBAVU51080A3XXXXX,BMW,3 Series,,
WBAVU51080A3XXXXX,BMW,3 Series,,estate
WBA8C91010A0XXXXX,BMW,3 Series,,sedan
WBAVC31040PSXXXXX,BMW,3 Series,,sedan
WBABM310X0JHXXXXX,BMW,3 Series,,
WAUZZZ4G2HN0XXXXX,Audi,A6,2017,
WBAAL31060AYXXXXX,BMW,3 Series,,sedan
WAUZZZ4H8EN0XXXXX,Audi,A8,,sedan
WBAEN11020PBXXXXX,BMW,3 Series,,estate
WBABM310X0JHXXXXX,BMW,3 Series,,
WBABM310X0JHXXXXX,BMW,3 Series,,coupe
WAUZZZ4G2HN0XXXXX,Audi,A6,,
WAUZZZ4G2HN0XXXXX,Audi,A6,,
WAUZZZ4G2HN0XXXXX,Audi,A6,,
WAUZZZ8LZYA0XXXXX,Audi,A3,,
WAUZZZ8LZYA0XXXXX,Audi,A3,,hatchback
WBAJM71090G9XXXXX,BMW,5 Series,,
WBAJM71090G9XXXXX,BMW,5 Series,,estate
WAUZZZ4G9DN0XXXXX,Audi,A6,,
WAUZZZ4G9DN0XXXXX,Audi,A6,,
WAUZZZ8R1BA0XXXXX,Audi,Q5,,
WAUZZZ8R1BA0XXXXX,Audi,Q5,,
WAUZZZ8R1BA0XXXXX,Audi,Q5,,SUV
WAUZZZ8X5BB0XXXXX,Audi,A1,,
WAUZZZ8X5BB0XXXXX,Audi,A1,,
WAUZZZ8X5BB0XXXXX,Audi,A1,,hatchback
WAUZZZ8R9BA1XXXXX,Audi,Q5,,
WAUZZZ8R9BA1XXXXX,Audi,Q5,,
WBAKM210X0C3XXXXX,BMW,7 Series,,
WAUZZZ8R9BA1XXXXX,Audi,Q5,,SUV
WBY8P6105K7DXXXXX,BMW,i3,,
WAUANAF48HN0XXXXX,Audi,A4,2017,
WBAKM210X0C3XXXXX,BMW,7 Series,,sedan
WBY8P6105K7DXXXXX,BMW,i,,hatchback
WAUANAF48HN0XXXXX,Audi,A4,2017,sedan
WBAPP71060A2XXXXX,BMW,3 Series,,
WBAPP71060A2XXXXX,BMW,3 Series,,
WAUANAF48HN0XXXXX,Audi,A4,,
WAUANAF48HN0XXXXX,Audi,A4,,sedan
WAUANAF48HN0XXXXX,Audi,A4,,sedan
WBA1C92060J4XXXXX,BMW,1 Series,,hatchback
WBAPP71060A2XXXXX,BMW,3 Series,,sedan
WAUZZZ4G1EN1XXXXX,Audi,allroad,2014,estate
WBAER91090KKXXXXX,BMW,3 Series,,sedan
WBSKT610600RXXXXX,BMW,X5,,
WBSKT610600RXXXXX,BMW,X5,,SUV
WBSKT610600RXXXXX,BMW,X Series,,SUV
WBA1S51040V9XXXXX,BMW,1 Series,,
WBA5D91070D9XXXXX,BMW,5 Series,,
WBA1S51040V9XXXXX,BMW,1 Series,,estate
WBA1S51040V9XXXXX,BMW,1 Series,,hatchback
WBA5D91070D9XXXXX,BMW,5 Series,,sedan
WBANX31040C1XXXXX,BMW,5 Series,,
WBANX31040C1XXXXX,BMW,5 Series,,
WBANX31040C1XXXXX,BMW,5 Series,,sedan
WAUZZZ4F2AN0XXXXX,Audi,A6,2010,
WBAPP11050E7XXXXX,BMW,3 Series,,sedan
WBA3K910X0F9XXXXX,BMW,3 Series,,estate
WAUZZZF5XJA0XXXXX,Audi,A5,,
WAUZZZF5XJA0XXXXX,Audi,A5,,
WAUZZZF5XJA0XXXXX,Audi,A5,,
WAUZZZF5XJA0XXXXX,Audi,A5,,
WBAGT810909GXXXXX,BMW,X6,,SUV
WBAGT810909GXXXXX,BMW,,,
WAUZZZ8X9BB0XXXXX,Audi,A1,,
WAUZZZ8X9BB0XXXXX,Audi,A1,,hatchback
WAUZZZ8X9BB0XXXXX,Audi,A1,,
WBA5J51000D5XXXXX,BMW,5 Series,,estate
WBAMX52020C4XXXXX,BMW,5 Series,,estate
WAUZZZ4L3FD0XXXXX,Audi,Q7,2015,
WAUZZZ4L3FD0XXXXX,Audi,Q7,,
WAUZZZ4L3FD0XXXXX,Audi,Q7,,SUV
WBA5E71010GZXXXXX,BMW,5 Series,,
WAUZZZ8K0EA0XXXXX,Audi,A4,,
WAUZZZ8K0EA0XXXXX,Audi,A4,2014,
WAUZZZ4F49N0XXXXX,Audi,A6,,
WBA5E71010GZXXXXX,BMW,5 Series,,sedan
WAUZZZ4G2HN0XXXXX,Audi,A6,2017,
WAUZZZ8K0EA0XXXXX,Audi,A4,,
WAUZZZ4F49N0XXXXX,Audi,A6,2009,
WAUZZZ8K0EA0XXXXX,Audi,A4,,
WAUZZZ4G2HN0XXXXX,Audi,A6,,
WAUZZZ8K0EA0XXXXX,Audi,A4,,
WBA7C61030G5XXXXX,BMW,7 Series,,sedan
WAUZZZ4G2HN0XXXXX,Audi,A6,,
WAUZZZ4G2HN0XXXXX,Audi,A6,,
WAUZZZ4G2HN0XXXXX,Audi,A6,,
WAUZZZ8R6AA0XXXXX,Audi,Q5,,SUV
WBAFB720X0LXXXXXX,BMW,X Series,,SUV
WAUZZZ8T2GA0XXXXX,Audi,A5,,
WAUZZZ8T2GA0XXXXX,Audi,A5,2016,
WAUZZZ8T2GA0XXXXX,Audi,A5,,
WAUZZZ8T2GA0XXXXX,Audi,A5,,
WAUZZZ8T2GA0XXXXX,Audi,A5,,hatchback
WBAK5610300CXXXXX,BMW,X Series,,SUV
WBA6A81070D8XXXXX,BMW,6 Series,,
WBAUG51000PVXXXXX,BMW,1 Series,,
WBA6A81070D8XXXXX,BMW,6 Series,,sedan
WBA6A81070D8XXXXX,BMW,6 Series,,sedan
WBAUG51000PVXXXXX,BMW,1 Series,,hatchback
WAUZZZ4F96N0XXXXX,Audi,A6,,
WBAUK11070VAXXXXX,BMW,1 Series,,
WAUZZZ4F96N0XXXXX,Audi,A6,,
WAUZZZ8U2JR0XXXXX,Audi,Q3,2018,
WBAUK11070VAXXXXX,BMW,1 Series,,hatchback
WAUZZZ8U2JR0XXXXX,Audi,Q3,,
WAUZZZ8U2JR0XXXXX,Audi,Q3,,estate
WAUZZZ8U2JR0XXXXX,Audi,Q3,,SUV
WAUZZZ8TXGA0XXXXX,Audi,A5,2016,
WAUZZZ8T7CA0XXXXX,Audi,A5,2012,
WAUZZZ8TXGA0XXXXX,Audi,A5,,
WAUZZZ8TXGA0XXXXX,Audi,A5,,
WBANF31080CCXXXXX,BMW,5 Series,,sedan
WBSJF01040G9XXXXX,BMW,5 Series,,sedan
WBA6W510405PXXXXX,BMW,2 Series,,
WBA6W510405PXXXXX,BMW,2 Series,,multi-purpose vehicle
WAUENAF42HN0XXXXX,Audi,A4,,sedan
WBAFV310X0DPXXXXX,BMW,5 Series,,sedan
WA1BCCFSXJR0XXXXX,Audi,Q3,,
WA1BCCFSXJR0XXXXX,Audi,Q3,2018,
WBAUD91010P3XXXXX,BMW,1 Series,,hatchback
WBAFW12040C8XXXXX,BMW,5 Series,,sedan
WA1BCCFSXJR0XXXXX,Audi,Q3,,
WA1BCCFSXJR0XXXXX,Audi,Q3,,SUV
WAUZZZ8E88W0XXXXX,Audi,A4,,
WAUZZZ8E88W0XXXXX,Audi,A4,,sedan
WAUZZZF45HA0XXXXX,Audi,A4,2017,
WAUZZZF45HA0XXXXX,Audi,A4,,
WAUZZZ4F17N1XXXXX,Audi,A6,,sedan
WBAXA91020DXXXXXX,BMW,5 Series,,sedan
WAUZZZ4F17N1XXXXX,Audi,A6,,
WBA5E31090G0XXXXX,BMW,5 Series,,sedan
WAUZZZ4F17N1XXXXX,Audi,A6,,
WBA1Y91000P7XXXXX,BMW,1 Series,,
WBA1Y91000P7XXXXX,BMW,1 Series,,hatchback
WBA1V910405DXXXXX,BMW,1 Series,,hatchback
WAUZZZF21KN0XXXXX,Audi,A6,,
WAUZZZF21KN0XXXXX,Audi,A6,,
WAUZZZF21KN0XXXXX,Audi,,,
WBAPP11080E7XXXXX,BMW,3 Series,,sedan
WAUZZZ8F4FN0XXXXX,Audi,A5,,
WAUZZZF40HA0XXXXX,Audi,A4,2017,sedan
WAUFNAF44JA0XXXXX,Audi,A4,2018,sedan
WBA3T71090PWXXXXX,BMW,4,,convertible
WAUZZZ8F4FN0XXXXX,Audi,A5,,
WAUZZZF40HA0XXXXX,Audi,A4,,
WAUZZZ8F4FN0XXXXX,Audi,A5,,convertible
WAUZZZ8F4FN0XXXXX,Audi,A5,,convertible
WAUFNAF44JA0XXXXX,Audi,A4,,
WAUFNAF44JA0XXXXX,Audi,A4,,sedan
WAUZZZF40HA0XXXXX,Audi,A4,,
WAUZZZ8K09A1XXXXX,Audi,A4,,
WAUZZZ8K09A1XXXXX,Audi,A4,,
WAUZZZ8K09A1XXXXX,Audi,A4,,
WAUZZZ4G7GN0XXXXX,Audi,A6,,
WAUZZZ4G7GN0XXXXX,Audi,A6,,
WBAJF11020CDXXXXX,BMW,5 Series,2019,sedan
WBAPD11030WFXXXXX,BMW,X Series,,SUV
WAUZZZ4G7GN0XXXXX,Audi,A6,,
WBA2A91050V7XXXXX,BMW,2 Series,,
WBAFH01010L8XXXXX,BMW,X Series,,SUV
WBA2A91050V7XXXXX,BMW,2 Series,,multi-purpose vehicle
WAUZZZ8LZVA0XXXXX,Audi,,,hatchback
WBAKM81060C4XXXXX,BMW,7 Series,,
WBAKM81060C4XXXXX,BMW,7 Series,,
WBAKM81060C4XXXXX,BMW,7 Series,,sedan
WAUZZZ8R5FA0XXXXX,Audi,,,SUV
WBA5N410X0G2XXXXX,BMW,5 Series,,hatchback
WAUZZZ8E64A2XXXXX,Audi,A4,,
WAUZZZ8E64A2XXXXX,Audi,A4,,
WBAVU31020KZXXXXX,BMW,3 Series,,estate
WBA5R71050FHXXXXX,BMW,3 Series,,sedan
WBA5E51000G0XXXXX,BMW,5 Series,,
WBA5E51000G0XXXXX,BMW,5 Series,,sedan
WAUZZZ8K19A2XXXXX,Audi,A4,,
WAUZZZ8K19A2XXXXX,Audi,A4,,
WAUZZZF52JA1XXXXX,Audi,A5,,
WAUZZZF52JA1XXXXX,Audi,A5,,
WBA1C71040J2XXXXX,BMW,1 Series,,
WBA1C71040J2XXXXX,BMW,1 Series,,hatchback
WBA1C71040J2XXXXX,BMW,1 Series,,
WAUZZZ8K0FN0XXXXX,Audi,A4,2015,
WBA3K31030F6XXXXX,BMW,3 Series,,estate
WBANC51080CNXXXXX,BMW,5 Series,,sedan
WAUZZZ8K0FN0XXXXX,Audi,A4,,
WAUZZZ8K0FN0XXXXX,Audi,A4,,
WBA6B41080D1XXXXX,BMW,6 Series,,sedan
WAUZZZ8K0FN0XXXXX,Audi,A4,,sedan
WAUZZZ8K0FN0XXXXX,Audi,A4,,
WBA3D31070F3XXXXX,BMW,3 Series,,sedan
WAUZZZ8R7AA0XXXXX,Audi,Q5,,
WAUZZZ8R7AA0XXXXX,Audi,Q5,,
WAUZZZ4G2CN1XXXXX,Audi,,,
WAUZZZ8R7AA0XXXXX,Audi,Q5,,SUV
WAUZZZ8X9CB0XXXXX,Audi,A1,,
WAUZZZ8X9CB0XXXXX,Audi,A1,,hatchback
WBAKS810100MXXXXX,BMW,X5,,SUV
WAUZZZ8V2DA0XXXXX,Audi,A3,,
WAUZZZ8V2DA0XXXXX,Audi,A4,2013,
WBAKS810100MXXXXX,BMW,X Series,,SUV
WBAFB31000LGXXXXX,BMW,X5,,
WBA51BL060WXXXXXX,BMW,X Series,,SUV
WAUZZZ8K19A2XXXXX,Audi,A4,,
WAUZZZ8K19A2XXXXX,Audi,A4,,
WAUZZZ8K19A2XXXXX,Audi,A4,,
WBAFB31000LGXXXXX,BMW,X Series,,SUV
WAUZZZ8K79A0XXXXX,Audi,A4,,
WAUZZZ8K7FN0XXXXX,Audi,A4,,
WAUZZZ8K79A0XXXXX,Audi,A4,,
WAUZZZ8K79A0XXXXX,Audi,A4,,
WAUZZZ8K7FN0XXXXX,Audi,A4,2015,
WBAVA51050VAXXXXX,BMW,3 Series,,sedan
WBA8C310X0K7XXXXX,BMW,3 Series,,sedan
WBAJG12020ENXXXXX,BMW,X1,,estate
WAUZZZ8K79A0XXXXX,Audi,A4,,
WBAKV210100YXXXXX,BMW,X Series,,SUV
WAUZZZ8K7FN0XXXXX,Audi,A4,,sedan
WBA3K310X0F6XXXXX,BMW,3 Series,,estate
WAUZZZ8R9AA0XXXXX,Audi,Q5,,
WAUZZZ4F15N0XXXXX,Audi,A6,,
WAUZZZ8R9AA0XXXXX,Audi,Q5,,
WAUZZZ4F15N0XXXXX,Audi,A6,,
WAUZZZ4F15N0XXXXX,Audi,A6,,
WBAVM71070VYXXXXX,BMW,X Series,,SUV
WAUZZZ4F15N0XXXXX,Audi,A6,,sedan
WAUZZZ8R9AA0XXXXX,Audi,Q5,,SUV
WBAMX110X0C3XXXXX,BMW,5 Series,,
WBAMX110X0C3XXXXX,BMW,5 Series,,
WBAMX110X0C3XXXXX,BMW,5 Series,,estate
WBANC31060CYXXXXX,BMW,5 Series,,sedan
WBAVC31060VGXXXXX,BMW,3 Series,,
WBA4K31090BGXXXXX,BMW,4,,liftback
WBA5V31070AKXXXXX,BMW,3 Series,,
WBA5V31070AKXXXXX,BMW,3 Series,,sedan
WBAUM71070VYXXXXX,BMW,1 Series,,convertible
WBAJA91070G9XXXXX,BMW,5 Series,,
WBAJA91070G9XXXXX,BMW,5 Series,,sedan
WAUZZZ4G1DN1XXXXX,Audi,A6,2013,
WBACB71070APXXXXX,BMW,3 Series,,
WBACB71070APXXXXX,BMW,3 Series,,sedan
WAUZZZ8R5DA0XXXXX,Audi,Q5,,
WAUZZZ8R5DA0XXXXX,Audi,Q5,,
WAUZZZ8R5DA0XXXXX,Audi,Q5,,SUV
WAUZZZ8V8JA1XXXXX,Audi,A3,,
WAUZZZ8V8JA1XXXXX,Audi,,,hatchback
WAUZZZF3XK10XXXXX,Audi,Q3,,
WAUZZZF3XK10XXXXX,Audi,Q3,,
WBS3R91000K3XXXXX,BMW,4,,coupe
WBA5N61090D0XXXXX,BMW,5 Series,,
WBAUG31060PUXXXXX,BMW,1 Series,,
WAUZZZF3XK10XXXXX,Audi,Q3,,SUV
WBA5N61090D0XXXXX,BMW,5 Series,,hatchback
WBAUG31060PUXXXXX,BMW,1 Series,,
WBAUG31060PUXXXXX,BMW,1 Series,,hatchback
WBA1S72010P7XXXXX,BMW,1 Series,,hatchback
WBA1S72010P7XXXXX,BMW,1 Series,,hatchback
WBAXB520X0D1XXXXX,BMW,5 Series,,estate
WBANX31010C0XXXXX,BMW,5 Series,,sedan
WAUZZZF47KN0XXXXX,Audi,A4,,
WAUZZZ4G0FN0XXXXX,Audi,A6,,
WAUZZZ4G0FN0XXXXX,Audi,A6,,
WBAKM21040CYXXXXX,BMW,7 Series,,sedan
WAUZZZ4G0FN0XXXXX,Audi,,,
WBAPU310X0CTXXXXX,BMW,5 Series,,estate
WBAPY71040C0XXXXX,BMW,5 Series,,
WBAPY71040C0XXXXX,BMW,5 Series,,estate
WAUZZZ4G5JN0XXXXX,Audi,A6,2018,
WAUZZZ8T6AA0XXXXX,Audi,A5,,
WAUDNAF46JA0XXXXX,Audi,A4,2018,
WAUZZZ8T6AA0XXXXX,Audi,A5,,
WBAFB71000LXXXXXX,BMW,X Series,,SUV
WAUZZZ4G5JN0XXXXX,Audi,A6,,
WAUZZZ4G5JN0XXXXX,Audi,A6,,
WAUZZZ4G5JN0XXXXX,Audi,A6,,
WAUDNAF46JA0XXXXX,Audi,A4,,sedan
WAUDNAF46JA0XXXXX,Audi,A4,2018,sedan
WAUDNAF46JA0XXXXX,Audi,A4,,
WAUDNAF46JA0XXXXX,Audi,A4,,
WAUDNAF46JA0XXXXX,Audi,A4,,sedan
WBANC51030CNXXXXX,BMW,5 Series,,sedan
WAUZZZ4F17N0XXXXX,Audi,A6,,
WBANE52080CKXXXXX,BMW,5 Series,,
WAUZZZ4F17N0XXXXX,Audi,A6,,
WAUZZZ4F17N0XXXXX,Audi,A6,,estate
WBAUX11060A7XXXXX,BMW,3 Series,,estate
WAUZZZ8K6FA0XXXXX,Audi,A4,,
WAUZZZ8K6FA0XXXXX,Audi,A4,,
WBA5C310X0D0XXXXX,BMW,5 Series,,
WAUZZZ4G9HN0XXXXX,Audi,A6,2017,
WAUZZZ4G9HN0XXXXX,Audi,A6,,
WBA5C310X0D0XXXXX,BMW,5 Series,,sedan
WAUZZZ8X6CB2XXXXX,Audi,A1,,
WBA5C310X0D0XXXXX,BMW,5 Series,,sedan
WAUZZZ8X6CB2XXXXX,Audi,A1,,hatchback
WBA5C310X0D0XXXXX,BMW,5 Series,,sedan
WBAWZ510X00UXXXXX,BMW,X Series,,SUV
WAUZZZ8T7CA0XXXXX,Audi,A5,,
WAUZZZ8T7CA0XXXXX,Audi,A5,2012,
WBAGF610X0DGXXXXX,BMW,7 Series,1995,sedan
WAUZZZ4G6CN1XXXXX,Audi,A6,,estate
WAUZZZ4G6CN1XXXXX,Audi,A6,,estate
WBAGF610X0DGXXXXX,BMW,7 Series,,sedan
WAUZZZ4G6GN1XXXXX,Audi,A6,,
WAUZZZ4G6GN1XXXXX,Audi,A6,,SUV
WAUZZZF24LN0XXXXX,Audi,A6,2020,estate
WBA11CM0908CXXXXX,BMW,3 Series,,
WBAP011000WHXXXXX,BMW,X Series,,SUV
WBANJ51050XVXXXXX,BMW,,,
WAUHGAFC8DN1XXXXX,Audi,A6,2013,sedan
WAUHGAFC8DN1XXXXX,Audi,A6,2013,sedan
WAUHGAFC8DN1XXXXX,Audi,,,sedan
WAUZZZ4H8BN0XXXXX,Audi,A8,,
WAUZZZ4H8BN0XXXXX,Audi,A8,,sedan
WBA5K52090D3XXXXX,BMW,5 Series,,estate
WBA5K52090D3XXXXX,BMW,5 Series,,estate
WAUZZZ8K2DA0XXXXX,Audi,A4,,
WAUZZZ8K2DA0XXXXX,Audi,A4,,
WAUZZZ8K2DA0XXXXX,Audi,A4,2013,estate
WBAUB71040VAXXXXX,BMW,1 Series,,
WBAUB71040VAXXXXX,BMW,1 Series,,hatchback
WBAUB71040VAXXXXX,BMW,1 Series,,hatchback
WBAFG02030LJXXXXX,BMW,X Series,,SUV
WBAUZ710209EXXXXX,BMW,,,
WAUZZZ8R9BA1XXXXX,Audi,Q5,,
WAUZZZ8R9BA1XXXXX,Audi,Q5,,
WAUZZZ8R9BA1XXXXX,Audi,Q5,,SUV
WBAFW51080C5XXXXX,BMW,5 Series,,sedan
WAUZZZ4F15N0XXXXX,Audi,A6,,
WAUZZZ4F15N0XXXXX,Audi,A6,,
WAUZZZF42JA1XXXXX,Audi,A4,,
WAUZZZ4F15N0XXXXX,Audi,A6,,sedan
WBAFR7C58CC8XXXXX,BMW,5 Series,2012,sedan
WAUZZZF42JA1XXXXX,Audi,A4,,
WA1AY74L08D0XXXXX,Audi,Q7,2008,
WBA7C610X0G5XXXXX,BMW,7 Series,,sedan
WAUZZZF42JA1XXXXX,Audi,A4,,
WA1AY74L08D0XXXXX,Audi,Q7,,
WBAFR7C58CC8XXXXX,BMW,i3,,
WBAFR7C58CC8XXXXX,BMW,5 Series,,sedan
WA1AY74L08D0XXXXX,Audi,Q7,,SUV
WBAKV410100PXXXXX,BMW,X Series,,SUV
WBA3K510X0F9XXXXX,BMW,3 Series,,
WBA3K510X0F9XXXXX,BMW,3 Series,,estate
WBA1R510607DXXXXX,BMW,1 Series,,hatchback
WBABB1107034XXXXX,BMW,3 Series,,convertible
WBA3D310X0J5XXXXX,BMW,3 Series,,sedan
WBAYH5100L5PXXXXX,BMW,X Series,,SUV
WBAKV610300WXXXXX,BMW,X6,,SUV
WBAKV610300WXXXXX,BMW,X Series,,SUV
WAUZZZ8K89A1XXXXX,Audi,A4,,
WAUZZZ8K89A1XXXXX,Audi,A4,,
WAUZZZ8K89A1XXXXX,Audi,A4,,
WUAZZZ4G5EN9XXXXX,Audi,A6,,
WUAZZZ4G5EN9XXXXX,Audi,,,estate
WBA3B91050F8XXXXX,BMW,3 Series,,sedan
WBA7L510105TXXXXX,BMW,1 Series,,
WBA7L510105TXXXXX,BMW,,,
WBAXA71020DZXXXXX,BMW,5 Series,,
WAUZZZ4LX7D0XXXXX,Audi,Q7,,
WAUZZZ4LX7D0XXXXX,Audi,Q7,,
WAUZZZ4LX7D0XXXXX,Audi,Q7,,SUV
WAUZZZ4F95N0XXXXX,Audi,A6,,
WBS1J51020VDXXXXX,BMW,2 Series,,coupe
WBAFW31020C5XXXXX,BMW,5 Series,,sedan
WBAXA71020DZXXXXX,BMW,5 Series,,sedan
WAUZZZ4F95N0XXXXX,Audi,A6,,
WAUZZZ4F95N0XXXXX,Audi,A6,,sedan
WBANA31020B0XXXXX,BMW,5 Series,,sedan
WBAMX11080DUXXXXX,BMW,5 Series,,
WBAMX11080DUXXXXX,BMW,5 Series,,estate
WBS3R91060K3XXXXX,BMW,4 Series,,coupe
WBA1S710107DXXXXX,BMW,1 Series,,hatchback
WBA1S710107DXXXXX,BMW,1 Series,,hatchback
WBS3R91060K3XXXXX,BMW,4 Series,,
WBS3R91060K3XXXXX,BMW,4 Series,,
WBS3R91060K3XXXXX,BMW,4,,coupe
WBAKM21090CYXXXXX,BMW,7 Series,,sedan
WBAKM21090CYXXXXX,BMW,7 Series,,sedan
WAUZZZ4G7FN0XXXXX,Audi,,,
WAUZZZ4G4GN0XXXXX,Audi,A6,2016,
WBAUB51000VJXXXXX,BMW,1 Series,,
WBAUB51000VJXXXXX,BMW,1 Series,,
WAUZZZ4G4GN0XXXXX,Audi,A6,,
WAUZZZ4G4GN0XXXXX,Audi,A6,2015,sedan
WAUZZZ4G4GN0XXXXX,Audi,A6,,
WBAUB51000VJXXXXX,BMW,1 Series,,hatchback
WAUZZZ4G4DN1XXXXX,Audi,A6,,
WBANJ91070CRXXXXX,BMW,5 Series,,
WAUZZZ4G4DN1XXXXX,Audi,,,
WBANJ91070CRXXXXX,BMW,5 Series,,estate
WAUZZZ8K1DA0XXXXX,Audi,A4,,
WAUZZZ4L68D0XXXXX,Audi,Q7,,
WAUZZZ8K4CA0XXXXX,Audi,A4,,
WAUZZZ8K4CA0XXXXX,Audi,A4,,
WAUZZZ8K4CA0XXXXX,Audi,A4,,
WAUZZZ8K4CA0XXXXX,Audi,A4,,
WAUZZZ4L68D0XXXXX,Audi,Q7,2008,
WAUZZZ4L68D0XXXXX,Audi,Q7,,
WAUZZZF49HA1XXXXX,Audi,A4,2017,
WAUZZZ8H05K0XXXXX,Audi,A4,,
WAUZZZ8H05K0XXXXX,Audi,A4,,convertible
WAUZZZF49HA1XXXXX,Audi,A4,,
WAUZZZF49HA1XXXXX,Audi,A4,,
WBA3W31040K3XXXXX,BMW,3 Series,,sedan
WAUZZZF49HA1XXXXX,Audi,A4,,
WBA7K320607GXXXXX,BMW,1 Series,,hatchback
WBA8Y51040G5XXXXX,BMW,3 Series,,hatchback
WBAKV610X00NXXXXX,BMW,X6,,estate
WBAKV610X00NXXXXX,BMW,X Series,,SUV
WBAVU51060A3XXXXX,BMW,3 Series,,estate
WBA4K51080BHXXXXX,BMW,4,,liftback
WBAVF51050A0XXXXX,BMW,3 Series,,
WBAVF51050A0XXXXX,BMW,3 Series,,sedan
WAUZZZ4G2CN0XXXXX,Audi,,,
WBAFW12080C8XXXXX,BMW,5 Series,,sedan
WAUZZZ8XXEB0XXXXX,Audi,A1,,
WAUZZZ8K08N0XXXXX,Audi,A4,,sedan
WAUZZZ8XXEB0XXXXX,Audi,,,hatchback
WAUZZZF53MA0XXXXX,Audi,A5,,
WAUZZZF54MA0XXXXX,Audi,A5,,
WAUZZZF54MA0XXXXX,Audi,A5,,
WAUZZZ8K39A0XXXXX,Audi,A4,,
WAUZZZF53MA0XXXXX,Audi,A5,,
WAUZZZF54MA0XXXXX,Audi,A5,,
WAUZZZF54MA0XXXXX,Audi,A5,,
WAUZZZ8K39A0XXXXX,Audi,A4,,
WBACE51010ENXXXXX,BMW,3 Series,,estate
WAUZZZF54MA0XXXXX,Audi,A5,,liftback
WAUZZZF54MA0XXXXX,Audi,A5,,liftback
WAUZZZF53MA0XXXXX,Audi,A5,,
WB10B0509EZ3XXXXX,BMW,,,motorcycle
WBAFG010X0L1XXXXX,BMW,X Series,,SUV
WUAZZZGY4NA9XXXXX,Audi,,,
WAUZZZF48GA0XXXXX,Audi,A4,,
WAUZZZF48GA0XXXXX,Audi,A4,,
WAUZZZF48GA0XXXXX,Audi,A4,,estate
WAUZZZ4M1JD0XXXXX,Audi,Q7,,van
WAUZZZ4M1JD0XXXXX,Audi,Q7,,SUV
WAUZZZ4M1JD0XXXXX,Audi,Q7,2018,SUV
WBA8H91000A8XXXXX,BMW,3 Series,,estate
WAUZZZ8K5AN0XXXXX,Audi,A4,,
WAULT68E13A1XXXXX,Audi,A4,,
WAULT68E13A1XXXXX,Audi,A4,2003,sedan
WAULT68E13A1XXXXX,Audi,A4,2003,sedan
WAUZZZ8K5AN0XXXXX,Audi,A4,,sedan
WAULT68E13A1XXXXX,Audi,A4,2003,
WAUZZZ8K3FA1XXXXX,Audi,A4,2015,
WBA8Y91030G6XXXXX,BMW,3 Series,,
WBATR55020NDXXXXX,BMW,X Series,,SUV
WBA8Y91030G6XXXXX,BMW,3 Series,,hatchback
WAUZZZ8K3FA1XXXXX,Audi,A4,,
WBAFG010X0L1XXXXX,BMW,X Series,,SUV
WAUZZZ8K3FA1XXXXX,Audi,A4,,
WAUZZZ8K3FA1XXXXX,Audi,A4,,
WAUZZZ8K89N0XXXXX,Audi,A4,,
WAUZZZ8K89N0XXXXX,Audi,A4,,
WAUZZZ8K89N0XXXXX,Audi,A4,,sedan
WAUZZZFY4J21XXXXX,Audi,Q5,,
WAUZZZFY4J21XXXXX,Audi,Q5,2018,SUV
WAUZZZ8U1ER0XXXXX,Audi,Q3,,
WAUZZZ8K5DA0XXXXX,Audi,A4,,
WAUZZZ8K5DA0XXXXX,Audi,A4,,
WAUZZZ8U1ER0XXXXX,Audi,Q3,,SUV
WBANJ91020CRXXXXX,BMW,5 Series,2007,
WBANJ91020CRXXXXX,BMW,5 Series,,estate
WAUZZZ8K5DA0XXXXX,Audi,A4,,
WBAWK71020P1XXXXX,BMW,3 Series,,convertible
WBANC71000B1XXXXX,BMW,5 Series,,
WBANC71000B1XXXXX,BMW,5 Series,,sedan
WBANJ71020B4XXXXX,BMW,5 Series,,
WBANJ71020B4XXXXX,BMW,5 Series,,
WBANJ71020B4XXXXX,BMW,5 Series,,
WBAFH01010L4XXXXX,BMW,X Series,,SUV
WBAVP91000VVXXXXX,BMW,X Series,,SUV
WBAKS410400RXXXXX,BMW,X5,,SUV
WBY1Z610007AXXXXX,BMW,i3,,van
WBY1Z610007AXXXXX,BMW,i,,hatchback
WBAKS410400RXXXXX,BMW,X Series,,SUV
WBAXX310200UXXXXX,BMW,X Series,,SUV
WBAVP11090VPXXXXX,BMW,X Series,,SUV
WBA2J510307EXXXXX,BMW,2 Series,,
WBA2J510307EXXXXX,BMW,2 Series,,coupe
WAUZZZ4G0CN1XXXXX,Audi,,,
WBABE51050JGXXXXX,BMW,3 Series,,
WBAKV210800VXXXXX,BMW,X Series,,SUV
WBABE51050JGXXXXX,BMW,3 Series,,coupe
WBANC71030B6XXXXX,BMW,5 Series,,
WBANC71030B6XXXXX,BMW,5 Series,,sedan
WAUZZZ8KXBA1XXXXX,Audi,A4,,
WAUZZZ4L99D0XXXXX,Audi,Q7,,
WBAFH61000L4XXXXX,BMW,X6,,SUV
WAUZZZ8KXBA1XXXXX,Audi,A4,,
WBAFH61000L4XXXXX,BMW,X Series,,SUV
WAUZZZ4L99D0XXXXX,Audi,Q7,,SUV
WBSCK91090LDXXXXX,BMW,Z Series,,convertible
WBA2E11090P9XXXXX,BMW,2 Series,,
WBAKM81070CYXXXXX,BMW,7 Series,,
WBAKM81070CYXXXXX,BMW,7 Series,,sedan
WBA2E11090P9XXXXX,BMW,2 Series,,multi-purpose vehicle
WBA2E11090P9XXXXX,BMW,2 Series,,estate
WBA2E11090P9XXXXX,BMW,2 Series,,multi-purpose vehicle
WBA6T910307DXXXXX,BMW,2 Series,,
WAUZZZ4H6GN0XXXXX,Audi,A8,,sedan
WBA6T910307DXXXXX,BMW,2 Series,,estate
WBA6T910307DXXXXX,BMW,2 Series,,
WBA6T910307DXXXXX,BMW,2 Series,,multi-purpose vehicle
WBA3V31040P7XXXXX,BMW,4,,convertible
WAUZZZ4H6GN0XXXXX,Audi,,,sedan
WAUZZZ8K9AA1XXXXX,Audi,A4,,
WAULFAFH3DN0XXXXX,Audi,A5,2013,
WAUZZZ8K9AA1XXXXX,Audi,A4,,
WAUZZZ4M6HD0XXXXX,Audi,Q7,2017,
WAUZZZ4M6HD0XXXXX,Audi,Q7,,
WAUZZZ4G8GN0XXXXX,Audi,A6,2016,
WAUZZZ4M6HD0XXXXX,Audi,Q7,,SUV
WAUZZZ4G8GN0XXXXX,Audi,A6,,
WAUZZZ4G8GN0XXXXX,Audi,A6,,
WAUZZZ4G8GN0XXXXX,Audi,A6,,
WAUZZZ4G8GN0XXXXX,Audi,A6,2016,estate
WBAMX12030C9XXXXX,BMW,5 Series,,estate
WAVZZZ8R7BA0XXXXX,Audi,Q5,,
WBAWD11010PWXXXXX,BMW,3 Series,,coupe
WAVZZZ8R7BA0XXXXX,Audi,Q5,,SUV
WBA8J51010K5XXXXX,BMW,3 Series,,estate
WAUZZZ8F7AN0XXXXX,Audi,A5,,
WAUZZZ4BZXN0XXXXX,Audi,A6,,
WAUZZZ8F7AN0XXXXX,Audi,A5,,convertible
WAUZZZ8F7AN0XXXXX,Audi,A5,,convertible
WAUZZZ4BZXN0XXXXX,Audi,A6,,
WAUZZZ8P38A1XXXXX,Audi,A3,,
WBAPM51080A9XXXXX,BMW,3 Series,,
WAUZZZ8P38A1XXXXX,Audi,A3,,hatchback
WBAPM51080A9XXXXX,BMW,3 Series,,sedan
WAUZZZFYXJ21XXXXX,Audi,Q5,,
WAUZZZFYXJ21XXXXX,Audi,Q5,,SUV
WAUAF48H27K0XXXXX,Audi,A4,,
WAUZZZ4F4AN0XXXXX,Audi,A6,,estate
WAUAF48H27K0XXXXX,Audi,A4,,convertible
WAUZZZ4F4AN0XXXXX,Audi,A6,,
WAUZZZ4F4AN0XXXXX,Audi,A6,,
WAUZZZ4G1EN1XXXXX,Audi,A6,,
WBS8M9C57J5LXXXXX,BMW,3 Series,,sedan
WAUZZZ4G1EN1XXXXX,Audi,A6,,
WAUZZZ4G1EN1XXXXX,Audi,A6,2014,
WBS8M9C57J5LXXXXX,BMW,3 Series,,sedan
WBAGL61070DMXXXXX,BMW,7 Series,,sedan
WAUZZZ8RX9A0XXXXX,Audi,Q5,,SUV
WBAVP71070VWXXXXX,BMW,X Series,,SUV
WAUZZZ8P24A1XXXXX,Audi,A3,,
WAUZZZ8P24A1XXXXX,Audi,A3,,hatchback
WAUZZZF29LN0XXXXX,Audi,,,
WBAFB71020LXXXXXX,BMW,X Series,,SUV
WBABT51030LRXXXXX,BMW,Z Series,,convertible
WAUZZZ8P04A0XXXXX,Audi,A3,,
WAUZZZF28KN0XXXXX,Audi,,,
WAUZZZ8P04A0XXXXX,Audi,A3,,hatchback
WBA1C31000E8XXXXX,BMW,1 Series,,hatchback
WBAAP71030PNXXXXX,BMW,3 Series,,estate
WBAKS210300HXXXXX,BMW,X5,,SUV
WBA1S91070VGXXXXX,BMW,1 Series,,hatchback
WBAKS210300HXXXXX,BMW,X5,,SUV
WBAKS210300HXXXXX,BMW,X Series,,SUV
WAUZZZ4G4EN1XXXXX,Audi,A6,2014,
WA1B4AFY6L20XXXXX,Audi,Q5,2020,
WA1B4AFY6L20XXXXX,Audi,Q5,,
WAUZZZ4G4EN1XXXXX,Audi,A6,,
WA1B4AFY6L20XXXXX,Audi,SQ5,,SUV
WAUZZZ4G4EN1XXXXX,Audi,A6,2014,
WBANX11020CZXXXXX,BMW,5 Series,,sedan
WA1AV74L19D0XXXXX,Audi,Q7,2009,
WA1AV74L19D0XXXXX,Audi,Q7,,
WA1AV74L19D0XXXXX,Audi,Q7,,
WA1AV74L19D0XXXXX,Audi,Q7,,SUV
WA1AV74L19D0XXXXX,Audi,Q7,,SUV
WAUZZZ4G9BN0XXXXX,Audi,A7,,
WAUZZZ4G9BN0XXXXX,Audi,A7,,sedan
WAUZZZ4G9BN0XXXXX,Audi,A7,,
WBA7C61070G5XXXXX,BMW,7 Series,,sedan
WBA5V31030AKXXXXX,BMW,3 Series,,
WBA5V31030AKXXXXX,BMW,3 Series,,sedan
WB10J5102LZFXXXXX,BMW,R,,
WB10J5102LZFXXXXX,BMW,,,motorcycle
WBANC51080B1XXXXX,BMW,5 Series,,
WBANC51080B1XXXXX,BMW,5 Series,,sedan
WBAFB710X0LXXXXXX,BMW,X5,2005,
TRUZZZ8J8710XXXXX,Audi,TT,,
WAUZZZ8E46A2XXXXX,Audi,A4,2006,estate
TRUZZZ8J8710XXXXX,Audi,TT,,
WBAFB710X0LXXXXXX,BMW,X Series,,SUV
TRUZZZ8J8710XXXXX,Audi,TT,,coupe
WBA6Y310607DXXXXX,BMW,2 Series,,multi-purpose vehicle
WAUZZZ4E97N0XXXXX,Audi,A8,,
WBANX51090CTXXXXX,BMW,5 Series,,sedan
WAUZZZ4E97N0XXXXX,Audi,A8,,
WBAWN71020PAXXXXX,BMW,3 Series,,convertible
WBA8C51060A0XXXXX,BMW,3 Series,,
WBATR51080LAXXXXX,BMW,X3,2018,
WBA8C51060A0XXXXX,BMW,3 Series,,sedan
WBATR51080LAXXXXX,BMW,X Series,,SUV
WBA8C51060A0XXXXX,BMW,3 Series,,sedan
WAUZZZ4GXHN0XXXXX,Audi,A6,,
WAUZZZ4GXHN0XXXXX,Audi,A6,2017,
WAUZZZ4GXHN0XXXXX,Audi,A6,,estate
WAUZZZ4GXHN0XXXXX,Audi,A6,,estate
WAUZZZ8K39A0XXXXX,Audi,A4,,
WAUZZZ8K39A0XXXXX,Audi,A4,,
WAUZZZ8K39A0XXXXX,Audi,A4,,
WBAXB51040DXXXXXX,BMW,5 Series,,estate
WBAFF41050LZXXXXX,BMW,X Series,,SUV
WAUZZZF24KN1XXXXX,Audi,A6,,
WAUZZZF24KN1XXXXX,Audi,,,
WAUZZZF22KN0XXXXX,Audi,,,
WBAXA11060DXXXXXX,BMW,5 Series,,sedan
WAUZZZ8R1BA0XXXXX,Audi,Q5,,
WAUZZZ8R1BA0XXXXX,Audi,Q5,,
WAUZZZ8R1BA0XXXXX,Audi,Q5,,SUV
WAUZZZ8K2DA1XXXXX,Audi,A4,,
WAUZZZ8K2DA1XXXXX,Audi,A4,,
WAUZZZ8K2DA1XXXXX,Audi,A4,,
WBANX51020CTXXXXX,BMW,5 Series,,sedan
WAUZZZ8K2DA1XXXXX,Audi,A4,2013,estate
WAUZZZF26KN1XXXXX,Audi,A7,,
WAUZZZF26KN1XXXXX,Audi,,,
WBA3D11070F3XXXXX,BMW,3 Series,,sedan
WBAVD91050A0XXXXX,BMW,3 Series,,sedan
WBAVD91050A0XXXXX,BMW,3 Series,,
WBAVD91050A0XXXXX,BMW,3 Series,,sedan
WBA5K11000G3XXXXX,BMW,5 Series,,
WBA5K11000G3XXXXX,BMW,5 Series,,
WBAMX71000C2XXXXX,BMW,5 Series,,estate
WBA5K11000G3XXXXX,BMW,5 Series,,estate
WBAXA110X0DXXXXXX,BMW,5 Series,,sedan
WBAUG51000PWXXXXX,BMW,1 Series,,
WBAUG51000PWXXXXX,BMW,1 Series,,hatchback
WAUZZZ4F67N0XXXXX,Audi,A6,,
WAUZZZ4F67N0XXXXX,Audi,A6,,
WAUZZZ8P16A1XXXXX,Audi,A3,,
WAUZZZ4F67N0XXXXX,Audi,A6,,
WBACR62020LSXXXXX,BMW,X5,,estate
WBACR62020LSXXXXX,BMW,X5,,SUV
WAUZZZ8P16A1XXXXX,Audi,A3,,hatchback
WAUZZZ4F67N0XXXXX,Audi,A6,,
WBA5K31010G7XXXXX,BMW,5 Series,,
WBAVC11050VEXXXXX,BMW,3 Series,,
WBA5K31010G7XXXXX,BMW,5 Series,,estate
WBAVC11050VEXXXXX,BMW,3 Series,,sedan
WAUZZZ8R7GA1XXXXX,Audi,Q5,,
WAUZZZ8R7GA1XXXXX,Audi,Q5,2016,
WAUZZZ4G4EN1XXXXX,Audi,A6,,
WAUZZZ4G4EN1XXXXX,Audi,A6,,
WAUZZZ8R7GA1XXXXX,Audi,Q5,,
WAUZZZ8R7GA1XXXXX,Audi,Q5,,
WAUZZZ4G4EN1XXXXX,Audi,A6,,
WAUZZZ8R7GA1XXXXX,Audi,Q5,,SUV
WBS41AZ070CKXXXXX,BMW,,,sedan
WBA3D31070F2XXXXX,BMW,3 Series,,sedan
WAUZZZ8V4F10XXXXX,Audi,,2015,
WBA1C71010J0XXXXX,BMW,1 Series,,hatchback
WBA1C71010J0XXXXX,BMW,1 Series,,
WAUZZZ4M4HD0XXXXX,Audi,Q7,,
WAUZZZ4M4HD0XXXXX,Audi,Q7,,
WBAYH32030EHXXXXX,BMW,X2,,SUV
WBAYH32030EHXXXXX,BMW,X2,,hatchback
WBSWD91020PYXXXXX,BMW,3 Series,,coupe
WUAZZZ8V5JA9XXXXX,Audi,,,hatchback
WAUZZZ8K69A2XXXXX,Audi,A4,,
WAUZZZ8TXBA0XXXXX,Audi,A5,,
WAUZZZ8K69A2XXXXX,Audi,A4,,
WAUZZZ8TXBA0XXXXX,Audi,A5,,
WAUZZZ8K69A2XXXXX,Audi,A4,,
WBS3U91090J9XXXXX,BMW,4,,convertible
WBA3B11010J7XXXXX,BMW,3 Series,2013,sedan
WBA3B11010J7XXXXX,BMW,3 Series,,sedan
WBA3B11010J7XXXXX,BMW,3 Series,,sedan
WBA8L71060K7XXXXX,BMW,3 Series,,estate
WBAZW410500CXXXXX,BMW,X Series,,SUV
WBAJF11010BJXXXXX,BMW,5 Series,,
WBAAP710X0PJXXXXX,BMW,3 Series,,
WBA4K51090BHXXXXX,BMW,4,,liftback
WBAAP710X0PJXXXXX,BMW,3 Series,,estate
WAUZZZ4M1HD0XXXXX,Audi,Q7,2017,
WBAZW41060L8XXXXX,BMW,X Series,,SUV
WAUZZZ4M1HD0XXXXX,Audi,Q7,,
WAUZZZ4M1HD0XXXXX,Audi,Q7,,
WAUZZZ4M1HD0XXXXX,Audi,Q7,,
WAUZZZ4M1HD0XXXXX,Audi,Q7,,SUV
WAUZZZ4M6GD0XXXXX,Audi,Q7,2016,
WBAUZ75080N0XXXXX,BMW,X Series,,SUV
WAUZZZ4M6GD0XXXXX,Audi,Q7,,
WAUZZZ4M6GD0XXXXX,Audi,Q7,,
WAUZZZ4M6GD0XXXXX,Audi,Q7,,
WAUZZZ4M6GD0XXXXX,Audi,Q7,,SUV
WBA5L51020G2XXXXX,BMW,5 Series,,
WBA8G91000K3XXXXX,BMW,,,estate
WBA5L51020G2XXXXX,BMW,5 Series,,estate
WBA8G91000K3XXXXX,BMW,335,,estate
WBAJN31000CDXXXXX,BMW,5 Series,,
WBATX31020LCXXXXX,BMW,X3,,
WBAJN31000CDXXXXX,BMW,,,
WUAZZZ4239N0XXXXX,Audi,R8,,coupe
WBATX31020LCXXXXX,BMW,X Series,,SUV
WBANX11010CXXXXXX,BMW,5 Series,,sedan
WUAZZZ4239N0XXXXX,Audi,R8,,
WUAZZZ4239N0XXXXX,Audi,R8,,
WUAZZZ4239N0XXXXX,Audi,R8,,
WUAZZZ4239N0XXXXX,Audi,R8,,coupe
WAUZZZF40JA1XXXXX,Audi,A4,,
WAUZZZF40JA1XXXXX,Audi,A4,,
WBAKC8C52AC4XXXXX,BMW,7 Series,2010,van
WAUZZZ4G6HN1XXXXX,Audi,A6,2017,
WAUZZZ4G6HN1XXXXX,Audi,A6,,
WAUZZZ4G6HN1XXXXX,Audi,A6,,
WAUZZZ4G6HN1XXXXX,Audi,A6,,
WBAPF52050A7XXXXX,BMW,3 Series,,
WA1LMAFE9CD0XXXXX,Audi,Q7,,SUV
WAUZZZ8P6CA0XXXXX,Audi,A3,,
WAUZZZ8V5JA9XXXXX,Audi,A3,,
WAUZZZ8V5JA9XXXXX,Audi,A3,,hatchback
WAUZZZ8P6CA0XXXXX,Audi,A3,,
WAUZZZ8P6CA0XXXXX,Audi,A3,,
WAUZZZ8P6CA0XXXXX,Audi,A3,,hatchback
WBAWX31060L9XXXXX,BMW,X3,2012,
WBAWX31060L9XXXXX,BMW,X Series,,SUV
WBADL01060GYXXXXX,BMW,5 Series,,sedan
WAUZZZF49HA0XXXXX,Audi,A4,2017,
WBAEJ11030AFXXXXX,BMW,Z Series,,convertible
WAUZZZ8EX6A0XXXXX,Audi,A4,,
WAUZZZ8EX6A0XXXXX,Audi,A4,,
WAUZZZ8EX6A0XXXXX,Audi,A4,,
WAUZZZF49HA0XXXXX,Audi,A4,,
WAUZZZ4G3HN0XXXXX,Audi,A6,2017,
WAUZZZF49HA0XXXXX,Audi,A4,,
WAUZZZF49HA0XXXXX,Audi,A4,,
WAUZZZF49HA0XXXXX,Audi,A4,,
WBA3E51090F5XXXXX,BMW,3 Series,,sedan
WAUZZZ4G3HN0XXXXX,Audi,A6,,
WAUZZZ4G3HN0XXXXX,Audi,A6,,
WAUZZZ4M3KD0XXXXX,Audi,Q7,,van
WAUZZZ4M3KD0XXXXX,Audi,Q7,,
WAUZZZ4M3KD0XXXXX,Audi,Q7,,
WAUZZZ4M3KD0XXXXX,Audi,Q7,,SUV
WAUZZZ4M3KD0XXXXX,Audi,Q7,,SUV
WBA3J91080J7XXXXX,BMW,3 Series,,sedan
WAUZZZ4F19N0XXXXX,Audi,A6,,
WAUZZZ8T69A0XXXXX,Audi,A5,,
WAUZZZ4F19N0XXXXX,Audi,A6,,
WAUZZZ8T69A0XXXXX,Audi,A5,,
WAUZZZ8T69A0XXXXX,Audi,A5,,coupe
WAUZZZ8T69A0XXXXX,Audi,A5,,
WAUZZZ4H8DN0XXXXX,Audi,A8,2013,
WBAKB8C57BCYXXXXX,BMW,7 Series,2011,
WAUZZZ8TBAA0XXXXX,Audi,A5,,
WAUZZZ8TBAA0XXXXX,Audi,A5,,
WBA3D91090F4XXXXX,BMW,3 Series,,sedan
WAUZZZ8KXFA0XXXXX,Audi,A4,,
WAUZZZ8KXFA0XXXXX,Audi,A4,2015,
WAUZZZ8KXFA0XXXXX,Audi,A4,,
WAUZZZ8KXFA0XXXXX,Audi,A4,,
WAUZZZ8KXFA0XXXXX,Audi,A4,,
WBA5V31040FJXXXXX,BMW,3 Series,,
WBA5V31040FJXXXXX,BMW,3 Series,,
WBA5V31040FJXXXXX,BMW,3 Series,,
WBSKG91020E5XXXXX,BMW,3 Series,,coupe
WBY71AW08PFNXXXXX,BMW,4 Series,,sedan
WBANC71080B6XXXXX,BMW,5 Series,,
WBAWD72070PVXXXXX,BMW,3 Series,,
WBANC71080B6XXXXX,BMW,5 Series,,
WBANC71080B6XXXXX,BMW,5 Series,,sedan
WBS8M910805DXXXXX,BMW,3 Series,,
WBAJA91050B3XXXXX,BMW,5 Series,,
WAUZZZF18KD0XXXXX,Audi,Q8,,SUV
WBY71AW08PFNXXXXX,BMW,,,sedan
WAUZZZ4F49N0XXXXX,Audi,A6,,
WAUZZZ4F49N0XXXXX,Audi,A6,,
WBAWY310600AXXXXX,BMW,X3,,crossover
WAUZZZ4F49N0XXXXX,Audi,A6,,
WBA1C71080E9XXXXX,BMW,1 Series,,hatchback
WBAMX31030C7XXXXX,BMW,5 Series,,estate
WBAVG11090A2XXXXX,BMW,3 Series,,sedan
WBAVP31030VKXXXXX,BMW,X1,,
WBAVP31030VKXXXXX,BMW,X Series,,SUV
WBA5N21070D4XXXXX,BMW,5 Series,,
WBA5N21070D4XXXXX,BMW,5 Series,,hatchback
WAUZZZ8P79A1XXXXX,Audi,A3,,
WAUZZZ8P79A1XXXXX,Audi,A3,,hatchback
WAUZZZ8U3HR0XXXXX,Audi,Q3,2017,
WAUZZZ8U3HR0XXXXX,Audi,Q3,,
WBAJE31070G5XXXXX,BMW,5 Series,,sedan
WAUZZZ8U3HR0XXXXX,Audi,Q3,,SUV
WBAFF41000L1XXXXX,BMW,X Series,,SUV
WBSNB93526B5XXXXX,BMW,5 Series,2006,sedan
WBSNB93526B5XXXXX,BMW,5 Series,,sedan
WBAJL51000BCXXXXX,BMW,5 Series,,estate
WBAFW31030C5XXXXX,BMW,5 Series,,
WBAFW31030C5XXXXX,BMW,5 Series,,sedan
WBAXA71040C5XXXXX,BMW,5 Series,,
WBAXA71040C5XXXXX,BMW,5 Series,,sedan
WBAXA71040C5XXXXX,BMW,5 Series,,sedan
WBAKV410900PXXXXX,BMW,X Series,,SUV
WAUZZZ4F17N0XXXXX,Audi,A6,2006,sedan
WAUZZZ4F17N0XXXXX,Audi,A6,,
WBAKT010800ZXXXXX,BMW,X Series,,SUV
WAUZZZ4F17N0XXXXX,Audi,A6,,
WBAVU51090A3XXXXX,BMW,3 Series,,estate
WBAUD71020P4XXXXX,BMW,1 Series,,
WBA3Y31040D7XXXXX,BMW,3 Series,,hatchback
WBAUD71020P4XXXXX,BMW,1 Series,,
WBAUD71020P4XXXXX,BMW,1 Series,,hatchback
WBA5K31090D9XXXXX,BMW,5 Series,,estate
WBANX91080CUXXXXX,BMW,5 Series,,sedan
WBA7K310907FXXXXX,BMW,,,
WB10J310XJZ9XXXXX,BMW,,,motorcycle
WBATX31030LCXXXXX,BMW,X3,,
WBATX31030LCXXXXX,BMW,X Series,,SUV
WAUZZZ8X6GB0XXXXX,Audi,,,hatchback
WAUZZZ8X6GB0XXXXX,Audi,A1,,
WBAJC310X0WAXXXXX,BMW,5 Series,,
WBA5U91000FJXXXXX,BMW,3 Series,,
WBAJC310X0WAXXXXX,BMW,5 Series,,sedan
WBAJC310X0WAXXXXX,BMW,5 Series,,sedan
WAUEFAFLXFN0XXXXX,Audi,A4,2015,sedan
WAUEFAFLXFN0XXXXX,Audi,A4,,
WAUEFAFLXFN0XXXXX,Audi,A4,,
WAUEFAFLXFN0XXXXX,Audi,A4,,sedan
WA1LFAFP9DA0XXXXX,Audi,Q5,2013,SUV
WA1LFAFP9DA0XXXXX,Audi,Q5,,
WA1LFAFP9DA0XXXXX,Audi,Q5,,SUV
WAUZZZ8K69A1XXXXX,Audi,A4,,
WAUZZZ8K69A1XXXXX,Audi,A4,,
WAUZZZ8K69A1XXXXX,Audi,A4,2009,
WBA4E91040G2XXXXX,BMW,4,,liftback
WBAUD71010P4XXXXX,BMW,1 Series,,hatchback
WAUZZZ8K1FA0XXXXX,Audi,A4,,
WAUZZZ8K1FA0XXXXX,Audi,A4,,
WBA8J91060A5XXXXX,BMW,3 Series,,
WBA8J91060A5XXXXX,BMW,3 Series,,
WBA8J91060A5XXXXX,BMW,3 Series,,estate
WBA4K51090BHXXXXX,BMW,4 Series,,sedan
WAUZZZ8U6ER1XXXXX,Audi,Q3,2014,
WBA4K51090BHXXXXX,BMW,4,,liftback
WAUZZZ8U6ER1XXXXX,Audi,Q3,,
WAUZZZ8U6ER1XXXXX,Audi,Q3,,
WAUZZZ8U6ER1XXXXX,Audi,Q3,2015,
WAUZZZ8U6ER1XXXXX,Audi,Q3,,SUV
WAUZZZ8V2JA0XXXXX,Audi,,2018,
WAUBFCFL1DN0XXXXX,Audi,A4,2013,
WAUBFCFL1DN0XXXXX,Audi,A4,2013,sedan
WAUBFCFL1DN0XXXXX,Audi,A4,,
WAUBFCFL1DN0XXXXX,Audi,A4,,
WAUBFCFL1DN0XXXXX,Audi,A4,,sedan
WAUBFCFL1DN0XXXXX,Audi,A4,,sedan
WAUZZZ4F85N0XXXXX,Audi,A6,,sedan
WBA8T3102JG8XXXXX,BMW,3 Series,,hatchback
WAUZZZ4F85N0XXXXX,Audi,A6,,
WAUZZZ4F85N0XXXXX,Audi,A6,,
WAUZZZ4F85N0XXXXX,Audi,A6,,
WAUZZZ4F85N0XXXXX,Audi,A6,,sedan
TRUZZZ8J5710XXXXX,Audi,TT,,
TRUZZZ8J5710XXXXX,Audi,TT,,coupe
WAUGMAF46KA1XXXXX,Audi,A4,,sedan
TRUZZZ8J6710XXXXX,Audi,TT,,
WAUZZZGE7LB0XXXXX,Audi,,,SUV
WAUZZZ8LZ1A0XXXXX,Audi,A3,,
WAUZZZ8LZ1A0XXXXX,Audi,A3,,
TRUZZZ8J6710XXXXX,Audi,TT,,
WAUZZZ8LZ1A0XXXXX,Audi,,,hatchback
TRUZZZ8J6710XXXXX,Audi,TT,,coupe
TRUZZZ8J6710XXXXX,Audi,TT,,
WA1LFAFP3FA0XXXXX,Audi,Q5,2015,
WA1LFAFP3FA0XXXXX,Audi,Q5,2015,SUV
WAUZZZ4L8CD0XXXXX,Audi,Q7,,
WA1LFAFP3FA0XXXXX,Audi,Q5,,
WAUZZZ4L8CD0XXXXX,Audi,Q7,,SUV
WA1LFAFP3FA0XXXXX,Audi,Q5,2015,multi-purpose vehicle
WBAPN11050VJXXXXX,BMW,3 Series,,
WBAPN11050VJXXXXX,BMW,3 Series,,sedan
WBAPE11090WJXXXXX,BMW,X3,,
WBAPE11090WJXXXXX,BMW,X Series,,SUV
WBAPN31050VLXXXXX,BMW,3 Series,,sedan
WAUZZZ8E77A0XXXXX,Audi,A4,,
WAUZZZ8E77A0XXXXX,Audi,A4,,
WAUZZZ4F35N1XXXXX,Audi,A6,,
WAUZZZ4F35N1XXXXX,Audi,A6,,sedan
WBAVD11000AVXXXXX,BMW,3 Series,,sedan
WBAYH31040EPXXXXX,BMW,X2,,
WBAYH31040EPXXXXX,BMW,X2,,
WAUZZZ8K39A1XXXXX,Audi,A4,,
WAUZZZ8K39A1XXXXX,Audi,A4,,
WAUZZZ8K39A1XXXXX,Audi,A4,,
WAUZZZ8K39A1XXXXX,Audi,A4,,van
WBAYH31040EPXXXXX,BMW,X Series,,SUV
WAUZZZ8R7EA0XXXXX,Audi,Q5,2014,
WAUZZZ8R7EA0XXXXX,Audi,Q5,,
WAUZZZ4G9HN0XXXXX,Audi,A6,2017,
WAUZZZ8R7EA0XXXXX,Audi,Q5,,SUV
WAUZZZ8R7EA0XXXXX,Audi,Q5,,
WAUZZZ8R7EA0XXXXX,Audi,Q5,,
WAUZZZ8R7EA0XXXXX,Audi,Q5,,SUV
WAUZZZ4G9HN0XXXXX,Audi,A6,,estate
WA1ANAFY7J20XXXXX,Audi,Q5,2018,SUV
WAUZZZ4G5DN0XXXXX,Audi,,,
WA1ANAFY7J20XXXXX,Audi,Q5,,
WA1ANAFY7J20XXXXX,Audi,Q5,,
WA1ANAFY7J20XXXXX,Audi,Q5,,
WA1ANAFY7J20XXXXX,Audi,Q5,,SUV
WAUZZZF43HA1XXXXX,Audi,A4,2017,
WAUZZZF43HA1XXXXX,Audi,A4,,
WAUZZZF43HA1XXXXX,Audi,A4,,van
WAUZZZF43HA1XXXXX,Audi,A4,,
WAUZZZ8V6JA1XXXXX,Audi,A3,,hatchback
WAUZZZ8V6JA1XXXXX,Audi,A3,,hatchback
WAUZZZ8V6JA1XXXXX,Audi,,,hatchback
WAUZZZ8P99A0XXXXX,Audi,A3,,
WAUZZZ8P99A0XXXXX,Audi,A3,,
WAUZZZ8P99A0XXXXX,Audi,A3,,
WAUZZZ8P99A0XXXXX,Audi,A3,,hatchback
WAUZZZ4F67N0XXXXX,Audi,A6,,
WAUZZZ4F67N0XXXXX,Audi,A6,,
WAUZZZFY5K20XXXXX,Audi,Q5,,
WAUZZZFY5K20XXXXX,Audi,Q5,,
WAUZZZFY5K20XXXXX,Audi,Q5,,SUV
WAUZZZ4E25N0XXXXX,Audi,A8,,
WAUZZZ4E25N0XXXXX,Audi,A8,,sedan
WAUZZZ4F0AN0XXXXX,Audi,A6,,
WAUZZZ4F0AN0XXXXX,Audi,A6,,
WAUZZZF34L10XXXXX,Audi,Q3,,
WAUZZZF34L10XXXXX,Audi,Q3,,estate
WAUZZZF34L10XXXXX,Audi,Q3,,SUV
WBAFW11000C7XXXXX,BMW,5 Series,,
WBAFW11000C7XXXXX,BMW,5 Series,,sedan
WAUZZZ8K19N0XXXXX,Audi,A4,,
WAUZZZ8K19N0XXXXX,Audi,A4,,sedan
WAUZZZEY1H20XXXXX,Audi,Q5,,
WAUZZZEY1H20XXXXX,Audi,Q5,,SUV
WBA3K31030F6XXXXX,BMW,3 Series,,
WBA3K31030F6XXXXX,BMW,3 Series,,estate
WAUZZZ4M7JD0XXXXX,Audi,,,SUV
WAUZZZ4M7JD0XXXXX,Audi,Q7,,
WBANF71040CCXXXXX,BMW,5 Series,,
WBANF71040CCXXXXX,BMW,5 Series,,sedan
WBAUR12000VSXXXXX,BMW,1 Series,,
WAUZZZ4G1EN1XXXXX,Audi,A6,2014,
WAUZZZ4G1EN1XXXXX,Audi,A7,,hatchback
WBANX51040CTXXXXX,BMW,5 Series,,sedan
WBAVG91090A3XXXXX,BMW,3 Series,,
WBA3D11000F3XXXXX,BMW,3 Series,,
WBA3D11000F3XXXXX,BMW,3 Series,,sedan
WBAVG91090A3XXXXX,BMW,3 Series,,sedan
WBA7K310307FXXXXX,BMW,,,
WBAPX51030C1XXXXX,BMW,5 Series,,
WBAXX510600EXXXXX,BMW,X Series,,SUV
WAUPNAF51JA0XXXXX,Audi,A5,,
WBAPX51030C1XXXXX,BMW,5 Series,,estate
WAUZZZ8R8BA0XXXXX,Audi,Q5,,SUV
WAUZZZ4F89N0XXXXX,Audi,A6,,
WAUZZZ4F89N0XXXXX,Audi,A6,,
WAUZZZ4F89N0XXXXX,Audi,A6,,estate
WAUZZZ4F89N0XXXXX,Audi,A6,,
WAUZZZ8X3EB0XXXXX,Audi,A1,,
WAUZZZ8X3EB0XXXXX,Audi,A1,2014,
WAUZZZ8X3EB0XXXXX,Audi,A1,,
WAUZZZ8X3EB0XXXXX,Audi,A1,,hatchback
WAUZZZ8X3EB0XXXXX,Audi,A1,,
WBSDX910X0E3XXXXX,BMW,3 Series,,
WBSDX910X0E3XXXXX,BMW,3 Series,,
WBSDX910X0E3XXXXX,BMW,3 Series,,convertible
WAUZZZ8E52A1XXXXX,Audi,A4,,
WAUZZZ8KXEA1XXXXX,Audi,A4,,
WAUZZZ8KXEA1XXXXX,Audi,A4,,
WAUZZZ8KXEA1XXXXX,Audi,A4,,
WAUZZZ8KXEA1XXXXX,Audi,A4,,
WBAUF11080PTXXXXX,BMW,1 Series,,
WBAUF11080PTXXXXX,BMW,1 Series,,hatchback
WBAUG31060PUXXXXX,BMW,1 Series,,
WBAUG31060PUXXXXX,BMW,1 Series,,hatchback
WBAVC11080VEXXXXX,BMW,3 Series,,sedan
WBANJ71040B5XXXXX,BMW,5 Series,,
WBANJ71040B5XXXXX,BMW,5 Series,,
WBANJ71040B5XXXXX,BMW,5 Series,,estate
WBAVC11080VEXXXXX,BMW,3 Series,,sedan
WBAVU51030A3XXXXX,BMW,3 Series,,estate
WAUZZZF45HA1XXXXX,Audi,A4,,
WAUZZZF45HA1XXXXX,Audi,A4,2017,
WAUZZZF45HA1XXXXX,Audi,,2017,
WAUZZZ4G8CN0XXXXX,Audi,A6,,
WAUZZZ4G8CN0XXXXX,Audi,,,
WAUZZZF49KA0XXXXX,Audi,A4,,
WBAGT810709PXXXXX,BMW,,,
WAUZZZF49KA0XXXXX,Audi,A4,,estate
WAUZZZF49KA0XXXXX,Audi,A4,,
WAUZZZF42KA0XXXXX,Audi,A4,,
WAUZZZF42KA0XXXXX,Audi,A4,,
WAUZZZF42KA0XXXXX,Audi,A4,,
WAUZZZF42KA0XXXXX,Audi,A4,,
WBAFB71020LXXXXXX,BMW,X Series,,SUV
5UXCR4C06M9FXXXXX,BMW,X5,2021,
5UXFE4C53AL2XXXXX,BMW,X5,2010,
5UXFE83528L1XXXXX,BMW,X5,2008,
WAUZZZ8T8DA0XXXXX,Audi,A5,,
WAUZZZ8T8DA0XXXXX,Audi,A5,,
WBAKS410X00HXXXXX,BMW,X Series,,SUV
WAUZZZ8T8DA0XXXXX,Audi,A5,2013,
WBAXA710X0DXXXXXX,BMW,5 Series,,sedan
WAUZZZF43GA0XXXXX,Audi,A4,,
WAUZZZF43GA0XXXXX,Audi,A4,,
WAUZZZF43GA0XXXXX,Audi,A4,,
WBSJU010709FXXXXX,BMW,X5,,SUV
WBSJU010709FXXXXX,BMW,,,
WBANC71040B6XXXXX,BMW,5 Series,,
WAUZZZF42KA0XXXXX,Audi,A4,,
WAUZZZF42KA0XXXXX,Audi,A4,,
WBANC71040B6XXXXX,BMW,5 Series,,sedan
WAUZZZF42KA0XXXXX,Audi,A4,,
WAUZZZ8V6H10XXXXX,Audi,A3,,
WBANC71000B6XXXXX,BMW,G,,
WBANC71000B6XXXXX,BMW,5 Series,,
WBANC71000B6XXXXX,BMW,5 Series,,sedan
WBAWC11050E2XXXXX,BMW,3 Series,,
WBAWC11050E2XXXXX,BMW,3 Series,,
WBAWC11050E2XXXXX,BMW,3 Series,,coupe
WAUZZZ4B65N0XXXXX,Audi,A6,,
WBA3B9C54FF5XXXXX,BMW,3 Series,2015,
WBA3B9C54FF5XXXXX,BMW,3 Series,2015,sedan
WBA3B9C54FF5XXXXX,BMW,3 Series,,sedan
WBA3B9C54FF5XXXXX,BMW,3 Series,,sedan
WBAWY110300CXXXXX,BMW,X3,,SUV
WAU22AFC3HN0XXXXX,Audi,A7,2017,
WBAWY110300CXXXXX,BMW,X Series,,SUV
WBA8T31060GBXXXXX,BMW,3 Series,,hatchback
WAUZZZ8K39N0XXXXX,Audi,A4,,
WAUZZZ8K39N0XXXXX,Audi,A4,,sedan
WAUZZZ8K39N0XXXXX,Audi,A4,,
WAUZZZ8X7CB0XXXXX,Audi,A1,,hatchback
WAUZZZF57KA0XXXXX,Audi,A5,,
WAUZZZF57KA0XXXXX,Audi,A5,,liftback
WBA5J31020D7XXXXX,BMW,5 Series,,
WBA5J31020D7XXXXX,BMW,5 Series,,estate
WAUZZZ4F58N0XXXXX,Audi,A6,,
WAUZZZ4F58N0XXXXX,Audi,A6,,
WAUZZZ4F1AN0XXXXX,Audi,A6,,sedan
WAUZZZ4F1AN0XXXXX,Audi,A6,,
WBAFG61040LTXXXXX,BMW,X Series,,SUV
WAUZZZ8K0AA0XXXXX,Audi,A4,,
WAUZZZ8K0AA0XXXXX,Audi,A4,,
WAUZZZ8T1CA0XXXXX,Audi,A5,,
WAUZZZ8T1CA0XXXXX,Audi,A5,,
WAUZZZ4F49N0XXXXX,Audi,A6,,
WBA51BN090CFXXXXX,BMW,,,
WAUZZZ4F49N0XXXXX,Audi,A6,,
WAUZZZ4F49N0XXXXX,Audi,A6,,
WAUZZZ4F49N0XXXXX,Audi,A6,,
WAUZZZ4F49N0XXXXX,Audi,A6,,
WBANC51060B1XXXXX,BMW,5 Series,,
WBANC51060B1XXXXX,BMW,5 Series,,
WBANC51060B1XXXXX,BMW,5 Series,,sedan
WBA5C310X0D0XXXXX,BMW,5 Series,,sedan
WBAUT310X0A8XXXXX,BMW,3 Series,,
WBAUT310X0A8XXXXX,BMW,3 Series,,estate
WBAUT310X0A8XXXXX,BMW,3 Series,,
WBAHM61060DHXXXXX,BMW,7 Series,,sedan
WBAFW11040DYXXXXX,BMW,5 Series,,sedan
WBAFW11040DYXXXXX,BMW,5 Series,,sedan
WBAJA12090BJXXXXX,BMW,5 Series,,
WBAZW610X0L5XXXXX,BMW,X Series,,SUV
WAUZZZ8K59A1XXXXX,Audi,A4,,
WAUZZZ8K59A1XXXXX,Audi,A4,,
WBAKS210800HXXXXX,BMW,X Series,,SUV
WA134AFY5M20XXXXX,Audi,Q5,2021,
WA1BAAFY3M21XXXXX,Audi,Q5,2021,
WAUCFAFC1FN0XXXXX,Audi,A6,2015,
WAUDF48H67K0XXXXX,Audi,A4,2007,
WAUDGAFL1CA0XXXXX,Audi,A4,2012,
WAUDH74F98N1XXXXX,Audi,A6,2008,
WBAJC91000B2XXXXX,BMW,5 Series,,
WBAJC91000B2XXXXX,BMW,5 Series,,sedan
WBAPX71090B9XXXXX,BMW,5 Series,,SUV
WBAPX71090B9XXXXX,BMW,5 Series,,estate
WAUENCF54JA0XXXXX,Audi,A5,2018,
WBAPL33549A4XXXXX,BMW,3 Series,2009,
WBAVB13556PTXXXXX,BMW,3 Series,2006,
WBAKV210200VXXXXX,BMW,X6,,SUV
WBAKV210200VXXXXX,BMW,X6,,sedan
WBAKV210200VXXXXX,BMW,X Series,,SUV
WUARL48H04K9XXXXX,Audi,A4,2004,
WAUKFAFM2CA0XXXXX,Audi,A3,2012,
WBA3B3C50EJ9XXXXX,BMW,3 Series,2014,
WBAEV53494KMXXXXX,BMW,3 Series,2004,
WBAKG1C57BE6XXXXX,BMW,3 Series,2011,
WBAVA33567PGXXXXX,BMW,3 Series,2007,
WAUAFAFL6BN0XXXXX,Audi,A4,,sedan
WAUAFAFL6BN0XXXXX,Audi,A4,,
WAUAFAFL6BN0XXXXX,Audi,A4,2011,sedan
WAUAFAFL6BN0XXXXX,Audi,A4,2011,
WAUZZZF4XGA0XXXXX,Audi,A4,,estate
WAUZZZF4XGA0XXXXX,Audi,A4,,
WAUZZZF4XGA0XXXXX,Audi,A4,,
WBAWD11080P3XXXXX,BMW,3 Series,,coupe
WA1AM74L19D0XXXXX,Audi,Q7,2009,SUV
WA1AM74L19D0XXXXX,Audi,Q7,,
WA1AM74L19D0XXXXX,Audi,Q7,,SUV
WBAKV210000NXXXXX,BMW,X Series,,SUV
WBAPE11080WJXXXXX,BMW,X3,,
WBAPE11080WJXXXXX,BMW,X Series,,SUV
WAUZZZF37K10XXXXX,Audi,Q3,,
WAUZZZF37K10XXXXX,Audi,Q3,,van
WAUZZZF37K10XXXXX,Audi,Q3,,SUV
5UXTS3C57K0ZXXXXX,BMW,X3,2019,SUV
WAUZZZF37K10XXXXX,Audi,Q3,,SUV
5UXTS3C57K0ZXXXXX,BMW,X Series,,SUV
WBATC610909PXXXXX,BMW,,,
WBANE31060B9XXXXX,BMW,5 Series,,sedan
WBAUY110X0F0XXXXX,BMW,3 Series,,
WBAUY110X0F0XXXXX,BMW,3 Series,,SUV
WBAUY110X0F0XXXXX,BMW,3 Series,,estate
WBAWZ510X00YXXXXX,BMW,X3,,SUV
WBAWZ510X00YXXXXX,BMW,X Series,,SUV
WAUZZZ8E45A4XXXXX,Audi,A4,,
WAUZZZ8E45A4XXXXX,Audi,A4,,
WAUZZZ8E45A4XXXXX,Audi,A4,,
WAUZZZ8P16A1XXXXX,Audi,A3,,
WAUZZZ8P16A1XXXXX,Audi,A3,,hatchback
5UXKT0C58H0SXXXXX,BMW,X5,2017,SUV
5UXKT0C58H0SXXXXX,BMW,X5,,SUV
WA1YD64B74N0XXXXX,Audi,A6,2004,
WBA3C1C51DF4XXXXX,BMW,3 Series,2013,
WAUZZZ8K5BA0XXXXX,Audi,A4,,
WAUZZZ8K5BA0XXXXX,Audi,A4,,
WAUZZZ8K5BA0XXXXX,Audi,A4,,
WBANC71030B6XXXXX,BMW,5 Series,,
WBANC71030B6XXXXX,BMW,5 Series,,sedan
WAUZZZ8U2GR0XXXXX,Audi,Q3,,
WAUZZZ8U2GR0XXXXX,Audi,Q3,,
WAUZZZ8U2GR0XXXXX,Audi,Q3,,SUV
WBAPB51010WBXXXXX,BMW,X3,,
WBAPB51010WBXXXXX,BMW,X Series,,SUV
WUAWRAAFC3HNXXXXX,Audi,,,
WAUZZZF41KA0XXXXX,Audi,A4,,
WAUZZZF41KA0XXXXX,Audi,A4,,
WAUZZZF41KA0XXXXX,Audi,A4,,
WBABB11000JBXXXXX,BMW,3 Series,,convertible
WAUGGAFC7DN1XXXXX,Audi,A6,2013,
WAUGGAFC7DN1XXXXX,Audi,A6,,
WAUGGAFC7DN1XXXXX,Audi,A6,2013,sedan
WAUGGAFC7DN1XXXXX,Audi,A6,,sedan
WAUGGAFC7DN1XXXXX,Audi,A6,,sedan
WBA1D11060J8XXXXX,BMW,1 Series,,hatchback
WAUZZZ8K5AN0XXXXX,Audi,A4,,sedan
WBAKK51040E4XXXXX,BMW,3 Series,,
WBAKK51040E4XXXXX,BMW,3 Series,,
WBAKK51040E4XXXXX,BMW,3 Series,,coupe
WAUZZZ8P86A0XXXXX,Audi,A3,,
WAUZZZ8P86A0XXXXX,Audi,A3,,hatchback
WBS8M910405KXXXXX,BMW,3 Series,,sedan
WBS8M910405KXXXXX,BMW,3 Series,,sedan
WBABN51010JTXXXXX,BMW,3 Series,,coupe
WBABF51090EPXXXXX,BMW,3 Series,,
WBABF51090EPXXXXX,BMW,3 Series,,coupe
WBA3D32010F2XXXXX,BMW,3 Series,,
WBAAM11090JMXXXXX,BMW,3 Series,,
WBAHF51050WWXXXXX,BMW,Z Series,,convertible
WBAAM11090JMXXXXX,BMW,3 Series,,
WBAAM11090JMXXXXX,BMW,3 Series,,sedan
WBAPE11070WJXXXXX,BMW,X3,,
WBAPE11070WJXXXXX,BMW,X Series,,SUV
WBATX31090LCXXXXX,BMW,X3,,
WBATX31090LCXXXXX,BMW,X Series,,SUV
WBSNB91040CXXXXXX,BMW,5 Series,,
WBSNB91040CXXXXXX,BMW,5 Series,,sedan
WBSNB91040CXXXXXX,BMW,M5,,sedan
WBAPB51000WBXXXXX,BMW,X Series,,SUV
WBAVC31090PYXXXXX,BMW,3 Series,,sedan
WBSCK91010LDXXXXX,BMW,Z Series,,convertible
WBAUD71090PDXXXXX,BMW,1 Series,,
WAUZZZF46HA0XXXXX,Audi,A4,,
WBAUD71090PDXXXXX,BMW,1 Series,,hatchback
WAUZZZF46HA0XXXXX,Audi,A4,,
WBAPK5G57BNNXXXXX,BMW,3 Series,2011,
WBAPK5G57BNNXXXXX,BMW,3 Series,2011,sedan
WBAPK5G57BNNXXXXX,BMW,3 Series,,sedan
WBADN51080BRXXXXX,BMW,5 Series,,
WBADN51080BRXXXXX,BMW,5 Series,,sedan
WBAUX11030A6XXXXX,BMW,3 Series,,
WBAUX11030A6XXXXX,BMW,3 Series,,estate
WBAVC31030KTXXXXX,BMW,3 Series,,sedan
WBAPP11050A9XXXXX,BMW,3 Series,,sedan
WB10A0308FZ2XXXXX,BMW,R,,
WBAFF010X0L2XXXXX,BMW,X Series,,SUV
WB10A0308FZ2XXXXX,BMW,,,motorcycle
WBA5N61040D9XXXXX,BMW,5 Series,,sedan
WBA5N61040D9XXXXX,BMW,5 Series,,hatchback
WAUZZZ4MXJD0XXXXX,Audi,,2018,
WBADT21000GZXXXXX,BMW,5 Series,,sedan
WBADT21000GZXXXXX,BMW,5 Series,,sedan
WBAFV31090D2XXXXX,BMW,5 Series,,sedan
WBA3K31070F6XXXXX,BMW,3 Series,,
WBA3K31070F6XXXXX,BMW,3 Series,,estate
WBAPD11000WFXXXXX,BMW,X3,,
WBAPD11000WFXXXXX,BMW,X Series,,SUV
WBAXA51020DWXXXXX,BMW,5 Series,,sedan
WBAXA51020DWXXXXX,BMW,5 Series,,
WBAXA51020DWXXXXX,BMW,5 Series,,sedan
WBADE610X0BUXXXXX,BMW,5 Series,,sedan
WBANX51030CTXXXXX,BMW,5 Series,,
WBANX51030CTXXXXX,BMW,5 Series,,sedan
WBANX51030CTXXXXX,BMW,5 Series,,sedan
WAUP4AF57KA0XXXXX,Audi,A5,2019,
WBAMX11010DYXXXXX,BMW,5 Series,,sedan
WBAMX11010DYXXXXX,BMW,5 Series,,estate
WBAVU11040KWXXXXX,BMW,3 Series,,estate
WAUZZZ8P35A0XXXXX,Audi,A3,,
WAUZZZ8P35A0XXXXX,Audi,A3,,
WAUZZZ8P35A0XXXXX,Audi,A3,,hatchback
WBA3U510505CXXXXX,BMW,4 Series,,
WBA3U510505CXXXXX,BMW,4,,convertible
WAUZZZ4F6AN0XXXXX,Audi,A6,,
WAUZZZ4F6AN0XXXXX,Audi,A6,,
WAUZZZ4F6AN0XXXXX,Audi,A6,,
WBAWA71080J0XXXXX,BMW,3 Series,,
WBAWA71080J0XXXXX,BMW,3 Series,,coupe
WBANH31040B4XXXXX,BMW,5 Series,,estate
WBA4E910X0G7XXXXX,BMW,4 Series,,
WBA4E910X0G7XXXXX,BMW,4,,liftback
WBAJW81040BEXXXXX,BMW,Z4,,
WBAJW81040BEXXXXX,BMW,630dx (630dx),,hatchback
WBAWB72090PYXXXXX,BMW,3 Series,,
WBAVU31010KYXXXXX,BMW,3 Series,,estate
WBAMX31010C7XXXXX,BMW,5 Series,,
WBAMX31010C7XXXXX,BMW,5 Series,,estate
WBAUB31030VHXXXXX,BMW,1 Series,,
WAUZZZ4F0AN0XXXXX,Audi,A6,,
WAUZZZ4F0AN0XXXXX,Audi,A6,,
WBAUB31030VHXXXXX,BMW,1 Series,,hatchback
WAUZZZ4F0AN0XXXXX,Audi,A6,,
WBA3D71000F1XXXXX,BMW,3 Series,,sedan
WBA3A5C53CF3XXXXX,BMW,3 Series,2012,
WUAZZZ4G9EN9XXXXX,Audi,A6,,
WUAZZZ4G9EN9XXXXX,Audi,,2014,
WAUZZZ8PX6A0XXXXX,Audi,A3,,
WAUZZZ8PX6A0XXXXX,Audi,A3,,
WAUZZZ8PX6A0XXXXX,Audi,A3,,hatchback
WBAUL7C51DVMXXXXX,BMW,1 Series,2013,
WAUZZZ8K09A2XXXXX,Audi,A4,,
WAUZZZ8K09A2XXXXX,Audi,A4,,
WBS3R9C56FK3XXXXX,BMW,4 Series,2015,
WBS3R9C56FK3XXXXX,BMW,4 Series,,
WBS3R9C56FK3XXXXX,BMW,4,,coupe
WBASN61070C4XXXXX,BMW,5 Series,,
WBASN61070C4XXXXX,BMW,5 Series,,hatchback
WBAFU9C52CC7XXXXX,BMW,5 Series,2012,
WBAUP7C52CVPXXXXX,BMW,1 Series,2012,
TRUWT28N1210XXXXX,Audi,TT,2002,
WBS2U710507EXXXXX,BMW,2 Series,,coupe
WBS3R92060K3XXXXX,BMW,4 Series,,
WBAUF11030PTXXXXX,BMW,1 Series,,
WBAUF11030PTXXXXX,BMW,1 Series,,hatchback
3MW5R1J0XM8CXXXXX,BMW,3 Series,2021,
WBABS334X2PGXXXXX,BMW,3 Series,2002,
5UXFE43568L0XXXXX,BMW,X5,2008,SUV
5UXFE43568L0XXXXX,BMW,X5,2008,
5UXFE43568L0XXXXX,BMW,X Series,,SUV
WBAFB71080LVXXXXX,BMW,X5,,
WBAFB71080LVXXXXX,BMW,X Series,,SUV
WAUZZZF27KN0XXXXX,Audi,A6,,
WAUZZZF27KN0XXXXX,Audi,A6,,sedan
WAUZZZ4G3EN0XXXXX,Audi,A6,,
WBANA71090B0XXXXX,BMW,5 Series,,sedan
WAUZZZ4G3EN0XXXXX,Audi,A6,,
WAUZZZ4G3EN0XXXXX,Audi,A6,,
WBANA71090B0XXXXX,BMW,5 Series,,sedan
WBANA71090B0XXXXX,BMW,5 Series,,
WBANA71090B0XXXXX,BMW,5 Series,,sedan
WAUZZZ8K2DA0XXXXX,Audi,A4,,
WAUZZZ8K2DA0XXXXX,Audi,A4,,
5UXKS4C35H0UXXXXX,BMW,X5,2017,
WAUB1GFF1H10XXXXX,Audi,A3,2017,
WBANV93568CZXXXXX,BMW,5 Series,2008,
WBA5B1C53ED4XXXXX,BMW,5 Series,2014,
WBAXH5C50DDWXXXXX,BMW,5 Series,2013,
WBATS110509HXXXXX,BMW,,,
WBA1C52070E9XXXXX,BMW,1 Series,,hatchback
WAUZZZ8E94A0XXXXX,Audi,A4,,
WAUZZZ8E94A0XXXXX,Audi,A4,,
WAUGMAF40KA0XXXXX,Audi,A4,2019,
WBAAY71050JMXXXXX,BMW,3 Series,,sedan
WAUVGAFH0DN0XXXXX,Audi,A5,2013,
WAUZZZ8K4DA0XXXXX,Audi,A4,,
WAUZZZ8K4DA0XXXXX,Audi,A4,,
WBA5A5C50ED5XXXXX,BMW,5 Series,2014,
WUAZZZF38N19XXXXX,Audi,Q3,,
WUAZZZF38N19XXXXX,Audi,,,SUV
WAUA7GFFXG10XXXXX,Audi,A3,2016,
WBABW53474PLXXXXX,BMW,3 Series,,
WBABW53474PLXXXXX,BMW,3 Series,2004,
WBABW53474PLXXXXX,BMW,3 Series,,
WBABW53474PLXXXXX,BMW,3 Series,2004,
WBABW53474PLXXXXX,BMW,3 Series,,convertible
WAUZZZ8K08N0XXXXX,Audi,A4,,
WAUZZZ8K08N0XXXXX,Audi,A4,,
WAUZZZ8K08N0XXXXX,Audi,A4,,sedan
WAUMPBFF5GA1XXXXX,Audi,A3,,
WB10E2103M6EXXXXX,BMW,,,motorcycle
5UXWX5C57BL7XXXXX,BMW,X3,2011,
WBANE53567CYXXXXX,BMW,5 Series,2007,
WAUZZZ8E85A0XXXXX,Audi,A4,,
WAUZZZ8E85A0XXXXX,Audi,A4,,
WAUZZZ8E85A0XXXXX,Audi,A4,,
WAUZZZ8K6DA0XXXXX,Audi,A4,,
WAUZZZ8E85A0XXXXX,Audi,A4,2004,estate
WBAUP11070VMXXXXX,BMW,1 Series,,
WBAUP11070VMXXXXX,BMW,1 Series,,
WBA7U81000CGXXXXX,BMW,,,sedan
WAUZZZ8P7AA1XXXXX,Audi,A3,,
WAUZZZ8P7AA1XXXXX,Audi,A3,,hatchback
WBA2E320105BXXXXX,BMW,2 Series,,estate
WBA2E320105BXXXXX,BMW,2 Series,,
WAUZZZ8E63A3XXXXX,Audi,A4,2003,estate
WAUZZZ4G2GN0XXXXX,Audi,A6,,
WAUZZZ4G2GN0XXXXX,Audi,A6,,
WAUZZZ4G2GN0XXXXX,Audi,A6,,
WAUZZZ8T4BA0XXXXX,Audi,A5,,
WAUZZZ8T4BA0XXXXX,Audi,A5,,
WAUZZZ8T4BA0XXXXX,Audi,A5,,
WBAJR11020CEXXXXX,BMW,5 Series,,
WBAHM21080DSXXXXX,BMW,7 Series,,sedan
WBAHM21080DSXXXXX,BMW,7 Series,,sedan
WBA7E4C50KGVXXXXX,BMW,7 Series,2019,
WBAPX51060C1XXXXX,BMW,5 Series,,
WBAPX51060C1XXXXX,BMW,5 Series,,estate
WAUZZZ8K19A0XXXXX,Audi,A4,,
WAUZZZ8K19A0XXXXX,Audi,A4,,
WAUZZZ8P3AB0XXXXX,Audi,A3,,
WAUZZZ8P3AB0XXXXX,Audi,A3,,
WBA13BJ09MWXXXXXX,BMW,5 Series,2021,
WAUZZZ8P3AB0XXXXX,Audi,A3,,hatchback
WBANR72020CRXXXXX,BMW,5 Series,,sedan
WAUZZZ8V5JA0XXXXX,Audi,A3,,
WAUZZZ8V5JA0XXXXX,Audi,,,hatchback
WBAUF11070PTXXXXX,BMW,1 Series,,
WBAZW620700AXXXXX,BMW,X5,,estate
WBAUF11070PTXXXXX,BMW,1 Series,,hatchback
WBANB53577CPXXXXX,BMW,5 Series,2007,
5UXKR0C51F0KXXXXX,BMW,X5,2015,
WBANJ31080CPXXXXX,BMW,5 Series,,estate
WBA1S710605BXXXXX,BMW,1 Series,,
WBA1S710605BXXXXX,BMW,1 Series,,hatchback
WBA1S710605BXXXXX,BMW,1 Series,,hatchback
WBA1S120707DXXXXX,BMW,1 Series,,hatchback
WBA1S120707DXXXXX,BMW,1 Series,,hatchback
WAUZZZ8P89A1XXXXX,Audi,A3,,
WAUZZZ8P89A1XXXXX,Audi,A3,,
WAUZZZ8P89A1XXXXX,Audi,A3,,hatchback
WBA12BK050CFXXXXX,BMW,,,sedan
WAUZZZ8E96A2XXXXX,Audi,A4,,
WAUZZZ8E96A2XXXXX,Audi,A4,,
WAUZZZ4F87N0XXXXX,Audi,A6,,
WAUZZZ4F87N0XXXXX,Audi,A6,,
WBSBR93484PKXXXXX,BMW,3 Series,2004,
WBACH32000LEXXXXX,BMW,Z3,,
WAUZZZ8DZWA0XXXXX,Audi,A4,,
WAUZZZF43KA0XXXXX,Audi,A4,,estate
WUAZZZ8V2JA9XXXXX,Audi,A3,,hatchback
WBXHT3C33J3HXXXXX,BMW,X1,2018,
WBSAE0C0XLBMXXXXX,BMW,8 Series,2020,
WAUFFAFL6AN0XXXXX,Audi,A4,2010,
WBSBL92020JRXXXXX,BMW,3 Series,,
WBSBL92020JRXXXXX,BMW,3 Series,,
WAUZZZ4G7CN1XXXXX,Audi,A6,,estate
WAUZZZ4G7CN1XXXXX,Audi,A6,2012,estate
WAUZZZ8E03A2XXXXX,Audi,A4,,
WAUZZZ8E03A2XXXXX,Audi,A4,,
WAUZZZ8E03A2XXXXX,Audi,A4,,
5UXZV4C56D0EXXXXX,BMW,X5,2013,
WBAAS71060KVXXXXX,BMW,3 Series,,sedan
WBAEP31010PEXXXXX,BMW,3 Series,,estate
WBACS11060FRXXXXX,BMW,3 Series,,hatchback
WBAPX51090CUXXXXX,BMW,5 Series,,SUV
WBAPX51090CUXXXXX,BMW,5 Series,,
WBAPX51090CUXXXXX,BMW,5 Series,,estate
WBALM31070E3XXXXX,BMW,Z Series,,convertible
WBAJE31080B1XXXXX,BMW,5 Series,,
WBAJE31080B1XXXXX,BMW,5 Series,,sedan
WBA1S710305DXXXXX,BMW,1 Series,,
WBA1S710305DXXXXX,BMW,1 Series,,hatchback
WBA7L120507HXXXXX,BMW,1 Series,,hatchback
WBA7L120507HXXXXX,BMW,1 Series,,hatchback
WBADC7101006XXXXX,BMW,5 Series,,
WAUZZZ8V3EA1XXXXX,Audi,,,hatchback
WAUZZZ4F16N1XXXXX,Audi,A6,,
WAUZZZ4F16N1XXXXX,Audi,A6,,
WBAWB31080P0XXXXX,BMW,3 Series,,coupe
WBAWL7C56AP4XXXXX,BMW,3 Series,2010,
WBAJC51010WBXXXXX,BMW,5 Series,2017,sedan
WBAJC51010WBXXXXX,BMW,5 Series,,sedan
WAUZZZ4G1FN0XXXXX,Audi,,,
WBAVB11050KTXXXXX,BMW,3 Series,,sedan
WBAJF51050WWXXXXX,BMW,R,,sedan
WBAJF51050WWXXXXX,BMW,5 Series,,sedan
WBA3C1C59CF4XXXXX,BMW,3 Series,2012,
WBA7K310507HXXXXX,BMW,,,
WA1LMAFE1CD0XXXXX,Audi,Q7,2012,
WAUZZZ4L3AD0XXXXX,Audi,Q7,,
WAUZZZ4L3AD0XXXXX,Audi,Q7,,
WAUZZZ4L3AD0XXXXX,Audi,Q7,,SUV
WBAMX110X0DYXXXXX,BMW,5 Series,,
WBAMX110X0DYXXXXX,BMW,5 Series,,estate
WAUZZZ8F2AN0XXXXX,Audi,A5,,
WAUZZZ8F2AN0XXXXX,Audi,A5,,convertible
WAUZZZ8F2AN0XXXXX,Audi,A5,,convertible
WBAFF41090L1XXXXX,BMW,X5,,
WBAFF41090L1XXXXX,BMW,X Series,,SUV
WAUZZZ4G9GN1XXXXX,Audi,A6,,sedan
WBAWY510X00EXXXXX,BMW,X3,,SUV
WBAWY510X00EXXXXX,BMW,X Series,,SUV
WBA6A81020D8XXXXX,BMW,6 Series,,
WBA6A81020D8XXXXX,BMW,640dx (640dx),,
WBAFE41090LZXXXXX,BMW,X Series,,SUV
WBAVU31010AEXXXXX,BMW,3 Series,,estate
WAUZZZ4L87D0XXXXX,Audi,Q7,,
WAUZZZ4L87D0XXXXX,Audi,Q7,,
WAUZZZ8K29A1XXXXX,Audi,A4,,
WAUZZZ4L87D0XXXXX,Audi,Q7,,SUV
WAUZZZ8K29A1XXXXX,Audi,A4,,
WBAUY11090A9XXXXX,BMW,3 Series,,sedan
WBAUY11090A9XXXXX,BMW,3 Series,,estate
WBA4F11070G3XXXXX,BMW,4,,liftback
WAUZZZ8K4DA2XXXXX,Audi,A4,,estate
WAUZZZ8K4DA2XXXXX,Audi,A4,,
TRUZZZ8N7410XXXXX,Audi,TT,,
TRUZZZ8N7410XXXXX,Audi,TT,,
WBA1N72010J9XXXXX,BMW,1 Series,,hatchback
WBAPY71080C0XXXXX,BMW,R,,
WBAPY71080C0XXXXX,BMW,5 Series,,
WBAPY71080C0XXXXX,BMW,5 Series,,estate
WBAVU51010A1XXXXX,BMW,3 Series,,van
WBAVU51010A1XXXXX,BMW,3 Series,,estate
WBAVU51010A1XXXXX,BMW,3 Series,,estate
WUAZZZ8V2J19XXXXX,Audi,,2018,
WAUZZZ8R3EA0XXXXX,Audi,,,SUV
WAUAFAFL3AN0XXXXX,Audi,A4,2010,
WAURV78T49A0XXXXX,Audi,A5,2009,
WBAFW11050C6XXXXX,BMW,5 Series,,sedan
WBAWD11010PWXXXXX,BMW,3 Series,,coupe
WBAWY510800AXXXXX,BMW,X Series,,SUV
WBABC42060BJXXXXX,BMW,8 Series,,crossover
WBABC42060BJXXXXX,BMW,8 Series,,
WBAFB31050LPXXXXX,BMW,X Series,,SUV
WAUZZZ8P86A1XXXXX,Audi,A3,2006,
WBAPK7C5XBF0XXXXX,BMW,3 Series,2011,van
WBAWD11090PVXXXXX,BMW,3 Series,,
WBAWD11090PVXXXXX,BMW,3 Series,,coupe
WAUZZZ8T4BA0XXXXX,Audi,A5,,
WAUZZZ8T4BA0XXXXX,Audi,A5,,
WAUZZZ8T4BA0XXXXX,Audi,A5,,
WBS8M920905GXXXXX,BMW,3 Series,,
WAUZZZ8V1LA0XXXXX,Audi,,,
WBAXC01040DZXXXXX,BMW,5 Series,,hatchback
WAUZZZ4G1GN1XXXXX,Audi,A6,2016,
WBANW13508CZXXXXX,BMW,5 Series,2008,
WAUZZZ4G1GN1XXXXX,Audi,A6,,
WBA1S91060VGXXXXX,BMW,1 Series,,
WBA1S91060VGXXXXX,BMW,1 Series,,hatchback
WBABV71030JZXXXXX,BMW,3 Series,,
WBABV71030JZXXXXX,BMW,3 Series,,coupe
WBAFB51010LUXXXXX,BMW,X5,,
WBAFB51010LUXXXXX,BMW,X Series,,SUV
WAUZZZ4G1HN0XXXXX,Audi,A6,2017,
WAUZZZ4G1HN0XXXXX,Audi,A6,,estate
WBABR31090JPXXXXX,BMW,3 Series,,
WBABR31090JPXXXXX,BMW,3 Series,,convertible
WBANA72070B1XXXXX,BMW,5 Series,,
WAUZZZ4G7GN0XXXXX,Audi,A6,,
WAUZZZ4G7GN0XXXXX,Audi,A6,,
WBA4X51020ABXXXXX,BMW,4 Series,,
WBA4X51020ABXXXXX,BMW,4,,coupe
WBA3K31040F6XXXXX,BMW,3 Series,,
WBA3K31040F6XXXXX,BMW,3 Series,,estate
WBAKS810600MXXXXX,BMW,X5,,
WBAKS810600MXXXXX,BMW,X Series,,SUV
WB10B0708HZ5XXXXX,BMW,,,motorcycle
WAUZZZ8V4JA0XXXXX,Audi,A3,,
WAUZZZ8V4JA0XXXXX,Audi,,,hatchback
WBANX51010CTXXXXX,BMW,5 Series,,sedan
WUAZZZFX9J79XXXXX,Audi,R8,2018,
WAUZZZ8K0DA0XXXXX,Audi,A4,,
WAUZZZ8K0DA0XXXXX,Audi,A4,,
WUAZZZFX9J79XXXXX,Audi,R8,,crossover
WAUZZZ8K0DA0XXXXX,Audi,A4,,estate
WAUZZZ8K0DA0XXXXX,Audi,A4,,
WUAZZZFX9J79XXXXX,Audi,R8,,
WBA4E91050D8XXXXX,BMW,4,,
WBAFB52000LTXXXXX,BMW,X5,,estate
WBAUB31040VNXXXXX,BMW,1 Series,,hatchback
WBA1S310707CXXXXX,BMW,1 Series,,
WBA1S310707CXXXXX,BMW,1 Series,,
WBA1S310707CXXXXX,BMW,1 Series,,hatchback
WBAYB6C52DD2XXXXX,BMW,7 Series,2013,
WAUZZZ8P55A1XXXXX,Audi,A3,,
WAUZZZ8P55A1XXXXX,Audi,A3,,
WAUZZZ8P55A1XXXXX,Audi,A3,,hatchback
WAUZZZ4F46N0XXXXX,Audi,A6,,
WAUZZZ4F46N0XXXXX,Audi,A6,,
WUAZZZF5XJA9XXXXX,Audi,A5,,
WUAZZZF5XJA9XXXXX,Audi,A5,,
WUAZZZF5XJA9XXXXX,Audi,,,coupe
WAUZZZFY7N20XXXXX,Audi,,,SUV
WBSKG9C53BE3XXXXX,BMW,3 Series,2011,
WBSKG9C53BE3XXXXX,BMW,3 Series,,
WBSKG9C53BE3XXXXX,BMW,3 Series,,coupe
WBAAC11020ABXXXXX,BMW,3 Series,,sedan
WAUZZZ8KX9A2XXXXX,Audi,A4,,
WAUZZZ8KX9A2XXXXX,Audi,A4,,
WBANA51030B0XXXXX,BMW,5 Series,,
WAUZZZ8KX9A2XXXXX,Audi,A4,,
WBANA51030B0XXXXX,BMW,5 Series,,sedan
5UXFG43578L2XXXXX,BMW,X6,2008,SUV
5UXFG43578L2XXXXX,BMW,X Series,,SUV
WAUZZZ8P68A1XXXXX,Audi,A3,,
WAUZZZ8P68A1XXXXX,Audi,A3,,
WAUZZZ8P68A1XXXXX,Audi,A3,,hatchback
WBAFW31040DUXXXXX,BMW,5 Series,,
WBAFW31040DUXXXXX,BMW,5 Series,,sedan
WBANE51050B9XXXXX,BMW,5 Series,,sedan
WBS3R9C50FF7XXXXX,BMW,4 Series,,crossover
WBS3R9C50FF7XXXXX,BMW,4,,coupe
WBA4B1C57FG2XXXXX,BMW,4 Series,2015,sedan
WBA4B1C57FG2XXXXX,BMW,4,,liftback
WAUZZZ8T3DA0XXXXX,Audi,A5,,
WAUZZZ8T3DA0XXXXX,Audi,A5,,crossover
WAUZZZFYXJ21XXXXX,Audi,Q5,,
WAUZZZ8T3DA0XXXXX,Audi,A5,2013,
WAUZZZFYXJ21XXXXX,Audi,,,SUV
WBSWL92070PLXXXXX,BMW,3 Series,,
WBAKM81010CYXXXXX,BMW,7 Series,,sedan
WBABD11020PMXXXXX,BMW,3 Series,,
WBA8T51060G8XXXXX,BMW,3 Series,,hatchback
WBABD11020PMXXXXX,BMW,3 Series,,coupe
WBAKS410700HXXXXX,BMW,X Series,,SUV
WAUZZZ4M2HD0XXXXX,Audi,Q7,,estate
WBAJD11030G8XXXXX,BMW,5 Series,2017,sedan
WBAJD11030G8XXXXX,BMW,5 Series,,sedan
TRUZZZ8NX210XXXXX,Audi,TT,,
WBAFG81010L2XXXXX,BMW,X Series,,SUV
WBATX71010LBXXXXX,BMW,X3,,SUV
WBATX71010LBXXXXX,BMW,X Series,,SUV
WAUKFAFL1BN0XXXXX,Audi,A4,,sedan
WBAWA71007J0XXXXX,BMW,3 Series,,
WBAWA71007J0XXXXX,BMW,3 Series,,
WBAWA71007J0XXXXX,BMW,3 Series,,coupe
WAUZZZ8K0BA0XXXXX,Audi,A4,,
WBAEV11040KKXXXXX,BMW,3 Series,,sedan
WAUZZZ8K0BA0XXXXX,Audi,A4,,
WAUKFAFL1BN0XXXXX,Audi,A4,,sedan
WBA7C61010G5XXXXX,BMW,7 Series,,sedan
WBAWD11030P1XXXXX,BMW,3 Series,,coupe
WBALM310X0E3XXXXX,BMW,Z4,,
WBALM310X0E3XXXXX,BMW,Z4,,convertible
WBALZ31050C9XXXXX,BMW,6 Series,,
WBAUB31050VHXXXXX,BMW,1 Series,,hatchback
WBALZ31050C9XXXXX,BMW,6 Series,,convertible
WAUZZZ4F75N1XXXXX,Audi,A6,,
WAUZZZ4F75N1XXXXX,Audi,A6,,sedan
WBA8J11020A9XXXXX,BMW,3 Series,,
WBA8J11020A9XXXXX,BMW,3 Series,,estate
WA1DGAFE1DD0XXXXX,Audi,Q7,2013,
WBAWD710X0P0XXXXX,BMW,5 Series,,coupe
WBAWD710X0P0XXXXX,BMW,3 Series,,
WBAWD710X0P0XXXXX,BMW,3 Series,,coupe
WBA5E510X0G2XXXXX,BMW,5 Series,,
WBA5E510X0G2XXXXX,BMW,5 Series,,sedan
WBA1C11050VSXXXXX,BMW,1 Series,,
WBA3Y3101ED6XXXXX,BMW,3 Series,,sedan
WBA3Y3101ED6XXXXX,BMW,3 Series,,hatchback
WBA1C11050VSXXXXX,BMW,1 Series,,estate
WBA1C11050VSXXXXX,BMW,1 Series,,hatchback
WBA5V91090FJXXXXX,BMW,3 Series,,sedan
WBAWY510200AXXXXX,BMW,X Series,,SUV
WAUZZZ8V4KA0XXXXX,Audi,A3,,hatchback
WAUZZZ8V4KA0XXXXX,Audi,A3,,
WAUZZZ8V4KA0XXXXX,Audi,,,
WBA5N21020D4XXXXX,BMW,5 Series,,hatchback
WBA7J210X0G8XXXXX,BMW,7 Series,,sedan
WBSGY01060LKXXXXX,BMW,X Series,,SUV
WBSGY01060LKXXXXX,BMW,X5,,
5UXCY6C04P9PXXXXX,BMW,X6,2023,SUV
5UXCY6C04P9PXXXXX,BMW,,,
WBAVB31050PPXXXXX,BMW,3 Series,,sedan
TRUZZZ8NZY10XXXXX,Audi,TT,,
TRUZZZ8NZY10XXXXX,Audi,TT,,
TRUZZZ8NZY10XXXXX,Audi,TT,,
WAUZZZ8K39A0XXXXX,Audi,A4,,
WAUZZZ8K39A0XXXXX,Audi,A4,,
WAUZZZ8K39A0XXXXX,Audi,A4,,
WBAUM71080VHXXXXX,BMW,1 Series,,
WBAUM71080VHXXXXX,BMW,1 Series,,convertible
WBA1Y91040P7XXXXX,BMW,1 Series,,
WBA1Y91040P7XXXXX,BMW,1 Series,,hatchback
WUAZZZ8V7JA9XXXXX,Audi,,,hatchback
WBACN520X0LLXXXXX,BMW,Z3,,
WBAJA91060B3XXXXX,BMW,5 Series,,sedan
WBAJA91060B3XXXXX,BMW,5 Series,,sedan
WBAJA91060B3XXXXX,BMW,5 Series,,sedan
TRUZZZ8NZY10XXXXX,Audi,TT,,
TRUZZZ8NZY10XXXXX,Audi,TT,,
WBA3D11000J6XXXXX,BMW,3 Series,,sedan
TRUZZZ8NZY10XXXXX,Audi,TT,,coupe
TRUZZZ8NZY10XXXXX,Audi,TT,,
WAUZZZ8R5EA0XXXXX,Audi,Q5,2014,
TRUZZZ8NZY10XXXXX,Audi,TT,,
WAUZZZ8R5EA0XXXXX,Audi,Q5,,
WAUZZZ8R5EA0XXXXX,Audi,Q5,,SUV
WAUZZZ8R5EA0XXXXX,Audi,Q5,,
WBAUF11000PTXXXXX,BMW,1 Series,,hatchback
WAUZZZ4G3EN0XXXXX,Audi,A6,,
WAUZZZ4G3EN0XXXXX,Audi,A6,,
WBAEK12000B8XXXXX,BMW,6 Series,,
WAUZZZ4H1FN0XXXXX,Audi,A8,,sedan
WAUZZZAUZGP0XXXXX,Audi,,,SUV
WBA4K32050BXXXXXX,BMW,4,,liftback
WBA1C12020J1XXXXX,BMW,1 Series,,
WBA1C12020J1XXXXX,BMW,1 Series,,hatchback
WBA5D31070GVXXXXX,BMW,5 Series,,sedan
WUAZZZ4248N0XXXXX,Audi,R8,,
WUAZZZ4248N0XXXXX,Audi,R8,,coupe
WAUZZZ4G5GN1XXXXX,Audi,A6,,
WAUZZZ4G5GN1XXXXX,Audi,A6,,
WAUZZZ4G5GN1XXXXX,Audi,A6,,
WBANV1C50AC4XXXXX,BMW,5 Series,2010,
WBAPX71000B9XXXXX,BMW,5 Series,,estate
WAUZZZ4BZYN0XXXXX,Audi,A6,,
WAUZZZ4BZYN0XXXXX,Audi,A6,,
WAUZZZ4BZYN0XXXXX,Audi,A6,,
WBAPD71020WFXXXXX,BMW,X3,,SUV
WAUZZZ8K0AA0XXXXX,Audi,A4,,
WBAPD71020WFXXXXX,BMW,X Series,,SUV
WAUZZZ8K0AA0XXXXX,Audi,A4,2010,
WBAWN32080JVXXXXX,BMW,3 Series,,convertible
WBA5D31040GVXXXXX,BMW,5 Series,,
WBA5D31040GVXXXXX,BMW,5 Series,,sedan
WAUZZZ4F9AN0XXXXX,Audi,A6,,
WAUZZZ4F9AN0XXXXX,Audi,A6,,
WBACV410209EXXXXX,BMW,,,
WAUZZZGA7NA0XXXXX,Audi,Q2,,estate
WAUZZZF42HA0XXXXX,Audi,A4,2017,
WAUZZZ8T4DA0XXXXX,Audi,A5,,
TRUZZZ8J3A10XXXXX,Audi,TT,,
WAUZZZ8T4DA0XXXXX,Audi,A5,,hatchback
TRUZZZ8J3A10XXXXX,Audi,TT,,
WBAAA3100095XXXXX,BMW,3 Series,1996,sedan
WBAAA3100095XXXXX,BMW,3 Series,,coupe
WBA3L11070KPXXXXX,BMW,3 Series,,estate
WAUZZZ8P35A0XXXXX,Audi,A3,2005,
WAUZZZF3XK10XXXXX,Audi,,,SUV
WBAWY31040L5XXXXX,BMW,X3,,SUV
WBAWY31040L5XXXXX,BMW,X Series,,SUV
WAUZZZ8V0KA0XXXXX,Audi,,,hatchback
WAUZZZ8V0KA0XXXXX,Audi,A3,,
WAUZZZF44HA0XXXXX,Audi,A4,2017,
WAUZZZF44HA0XXXXX,Audi,A4,,
WAUZZZF44HA0XXXXX,Audi,A4,,
WAUZZZF44HA0XXXXX,Audi,A4,,
WBXJG9C00L5PXXXXX,BMW,X1,2020,
WBAVC51040KJXXXXX,BMW,3 Series,,
WBAVC51040KJXXXXX,BMW,3 Series,,sedan
WAUZZZ8V8H10XXXXX,Audi,A3,,
WAUZZZ8V8H10XXXXX,Audi,A3,2017,sedan
WAUZZZ8K0AA1XXXXX,Audi,A4,,
WAUZZZ8K0AA1XXXXX,Audi,A4,,
WAUZZZ8K0AA1XXXXX,Audi,A4,,
TRUZZZFV1G10XXXXX,Audi,TT,,
TRUZZZFV1G10XXXXX,Audi,TT,,
WBAER91030KGXXXXX,BMW,3 Series,,
WBAER91030KGXXXXX,BMW,3 Series,,
WBAER91030KGXXXXX,BMW,3 Series,,
WBAER91030KGXXXXX,BMW,3 Series,,sedan
WBA3D11090F3XXXXX,BMW,3 Series,,sedan
WBAFB71070LXXXXXX,BMW,X5,,SUV
WBAFB71070LXXXXXX,BMW,X Series,,SUV
WAUZZZ8R7EA1XXXXX,Audi,Q5,,
WAUZZZ8R7EA1XXXXX,Audi,Q5,,crossover
WAUZZZ8R7EA1XXXXX,Audi,Q5,,SUV
WUAZZZ8V5GA9XXXXX,Audi,A3,,
WUAZZZ8V5GA9XXXXX,Audi,,,hatchback
WAUZZZ8P67A1XXXXX,Audi,A3,,
WAUZZZ8P67A1XXXXX,Audi,A3,,hatchback
WBAWD11030PWXXXXX,BMW,3 Series,,
WBANX51030CTXXXXX,BMW,5 Series,,
WBAWD11030PWXXXXX,BMW,3 Series,,coupe
WBANX51030CTXXXXX,BMW,5 Series,,sedan
WAUZZZ8P64A1XXXXX,Audi,A3,,
WBAWC91060PWXXXXX,BMW,3 Series,,
WAUZZZ8P64A1XXXXX,Audi,A3,,
WAUZZZ8P64A1XXXXX,Audi,A3,2004,hatchback
WBASP81090DXXXXXX,BMW,5 Series,,hatchback
WBAWC91060PWXXXXX,BMW,3 Series,,coupe
WAUZZZ4GXHN1XXXXX,Audi,A6,2017,
WBA1S710505DXXXXX,BMW,1 Series,,
WBA1S710505DXXXXX,BMW,1 Series,,
WBA1S710505DXXXXX,BMW,1 Series,,hatchback
WAUZZZ4GXHN1XXXXX,Audi,A6,,
WAUZZZ4GXHN1XXXXX,Audi,A6,,
WAUZZZ4GXHN1XXXXX,Audi,A7,,hatchback
WBANX71020CSXXXXX,BMW,5 Series,,
WBANX71020CSXXXXX,BMW,5 Series,,
WBAFF01020L2XXXXX,BMW,X5,,
WBAFF01020L2XXXXX,BMW,X Series,,SUV
WBAWB71010P1XXXXX,BMW,3 Series,,
WBAFH610300BXXXXX,BMW,X6,,
WBAFH610300BXXXXX,BMW,X Series,,SUV
WBAWB71010P1XXXXX,BMW,3 Series,,coupe
WAUZZZF4XJA2XXXXX,Audi,A4,,estate
WBANX71020CSXXXXX,BMW,5 Series,,sedan
WBAPG11040E7XXXXX,BMW,3 Series,,sedan
WBAVU91020KTXXXXX,BMW,3 Series,,estate
5UXTS3C58K0ZXXXXX,BMW,X3,2019,
WAUZZZ8P04A0XXXXX,Audi,A3,,
WBY1Z610XHV9XXXXX,BMW,i3,,
WBASP61080C3XXXXX,BMW,Z4,,
WBY1Z610XHV9XXXXX,BMW,i3,,
WAUZZZ8P04A0XXXXX,Audi,A3,,hatchback
WBASP61080C3XXXXX,BMW,5 Series,,hatchback
WBY1Z610XHV9XXXXX,BMW,i,,hatchback
WBAUD71050P4XXXXX,BMW,1 Series,,
WBAUD71050P4XXXXX,BMW,1 Series,,
WBA2H11070V3XXXXX,BMW,2 Series,,coupe
WBATS31070LFXXXXX,BMW,X3,,SUV
WBATS31070LFXXXXX,BMW,X3,,
WBATS31070LFXXXXX,BMW,X Series,,
WBAPL31060A1XXXXX,BMW,3 Series,,sedan
WBAPX31010C3XXXXX,BMW,5 Series,,estate
WAUZZZFYXJ21XXXXX,Audi,Q5,,
WAUZZZFYXJ21XXXXX,Audi,Q5,,SUV
WBS2U710507DXXXXX,BMW,2 Series,,
WBS2U710507DXXXXX,BMW,2 Series,,coupe
WBY7Z61080VGXXXXX,BMW,i3,2018,
WBY7Z61080VGXXXXX,BMW,i,,hatchback
WBA4C31030G0XXXXX,BMW,4 Series,,hatchback
WBA4C31030G0XXXXX,BMW,4 Series,,
WBA4C31030G0XXXXX,BMW,4,,liftback
WAUZZZ8K2AN0XXXXX,Audi,A4,,
WAUZZZ8K2AN0XXXXX,Audi,A4,2010,
WBSJF01070G9XXXXX,BMW,5 Series,,sedan
WBAXA10010DXXXXXX,BMW,5 Series,,sedan
WAUZZZ8DZYA0XXXXX,Audi,A4,,
WAUZZZ8DZYA0XXXXX,Audi,A4,,
WBA3E11060P6XXXXX,BMW,3 Series,,sedan
WAUZZZ8K0AN0XXXXX,Audi,A4,,
WBA3E11060P6XXXXX,BMW,3 Series,,sedan
WAUZZZ8K0AN0XXXXX,Audi,A4,,sedan
WAUZZZ4G9CN0XXXXX,Audi,,,
WBAKS410600HXXXXX,BMW,X Series,,SUV
WBS2U71010VJXXXXX,BMW,2 Series,,coupe
WBS2U71010VJXXXXX,BMW,2 Series,,
WBAUD71060P4XXXXX,BMW,1 Series,,
WBAFB71060LXXXXXX,BMW,X5,,SUV
WBAFB71060LXXXXXX,BMW,X5,2006,
WBAUD71060P4XXXXX,BMW,1 Series,,hatchback
WBAFB71060LXXXXXX,BMW,X Series,,SUV
WAUZZZ8R4EA0XXXXX,Audi,Q5,,
WAUZZZ8R4EA0XXXXX,Audi,Q5,,SUV
WBAFG01070L1XXXXX,BMW,X Series,,SUV
WAUZZZ8U4JR0XXXXX,Audi,Q3,2018,
WBAVF91000VGXXXXX,BMW,3 Series,,
WBAVF91000VGXXXXX,BMW,3 Series,,
WBAVF91000VGXXXXX,BMW,3 Series,,
WBAVF91000VGXXXXX,BMW,3 Series,,sedan
WBAVF91000VGXXXXX,BMW,3 Series,,sedan
WAUZZZ8U4JR0XXXXX,Audi,Q3,,
WAUZZZ8U4JR0XXXXX,Audi,Q3,,
WAUZZZ8U4JR0XXXXX,Audi,Q3,,
WAUZZZ8U4JR0XXXXX,Audi,Q3,,SUV
WAUZZZ8F1AN0XXXXX,Audi,A5,,
WAUZZZ8F1AN0XXXXX,Audi,A5,,convertible
WAUZZZ8F1AN0XXXXX,Audi,A5,,convertible
TRUZZZ8J8810XXXXX,Audi,TT,,
TRUZZZ8J8810XXXXX,Audi,TT,,
WBA3A5C55DF3XXXXX,BMW,3 Series,2013,
WBA3A5C55DF3XXXXX,BMW,3 Series,2013,sedan
WAUZZZ8K7DA0XXXXX,Audi,A4,,
WBS2071010V3XXXXX,BMW,2 Series,,
WBA3A5C55DF3XXXXX,BMW,3 Series,,
WAUZZZ8K7DA0XXXXX,Audi,A4,2013,
WBANX31050C1XXXXX,BMW,5 Series,,sedan
WBAEU71010KVXXXXX,BMW,3 Series,,sedan
WAUZZZ8E17A0XXXXX,Audi,A4,,
WBAFB71030LWXXXXX,BMW,X5,,SUV
WBAFB71030LWXXXXX,BMW,X5,,crossover
WAUZZZ8E17A0XXXXX,Audi,A4,,
WBAKK31090E6XXXXX,BMW,3 Series,,coupe
WAUZZZ8E92A1XXXXX,Audi,A4,,
WBAAX71030JRXXXXX,BMW,3 Series,,estate
WAUZZZ8E92A1XXXXX,Audi,A4,,
WAUZZZ8T38A0XXXXX,Audi,,,coupe
WBAWD31090PAXXXXX,BMW,3 Series,,
WBAWD31090PAXXXXX,BMW,3 Series,,coupe
WBAFV31050D2XXXXX,BMW,5 Series,,
WBAFV31050D2XXXXX,BMW,5 Series,,sedan
WBY8P620307DXXXXX,BMW,i3,,hatchback
WAUZZZ8P27A1XXXXX,Audi,A3,,
WAUZZZ8P27A1XXXXX,Audi,A3,,hatchback
WAUZZZ8P27A1XXXXX,Audi,A3,,
WAUZZZ8K2FA1XXXXX,Audi,A4,,
WAUZZZF48HA1XXXXX,Audi,A4,2017,
WAUZZZ8K9DA1XXXXX,Audi,A4,,
WAUZZZF48HA1XXXXX,Audi,A4,,estate
WAUZZZ8K9DA1XXXXX,Audi,A4,,hatchback
WAUZZZ8K9DA1XXXXX,Audi,A4,,
WAUZZZ8K9DA1XXXXX,Audi,A4,,
WAUZZZ8K9DA1XXXXX,Audi,A4,2013,estate
TRUZZZ8NZX10XXXXX,Audi,TT,,
WAVZZZ8K29A0XXXXX,Audi,A4,,
TRUZZZ8NZX10XXXXX,Audi,TT,,coupe
WBXHT3C3XG5EXXXXX,BMW,X1,2016,SUV
WBXHT3C3XG5EXXXXX,BMW,X1,,
WBXHT3C3XG5EXXXXX,BMW,X1,2016,
WAVZZZ8K29A0XXXXX,Audi,A4,,
WBXHT3C3XG5EXXXXX,BMW,X1,,crossover
WBSBL93443JRXXXXX,BMW,3 Series,2003,
WBSBL93443JRXXXXX,BMW,3 Series,,
WBAGM21040DRXXXXX,BMW,7 Series,,
WBA5G11050D1XXXXX,BMW,5 Series,,
WBAGM21040DRXXXXX,BMW,7 Series,,sedan
WBAPN11090VJXXXXX,BMW,3 Series,,sedan
WBSBL93443JRXXXXX,BMW,3 Series,,coupe
WAUZZZ8V8G10XXXXX,Audi,A3,,
WAUZZZ8V8G10XXXXX,Audi,A3,,sedan
WAUZZZ8E25A4XXXXX,Audi,A4,,
WAUZZZ8E25A4XXXXX,Audi,A4,,
WAUZZZF54HA0XXXXX,Audi,A5,2017,
WAUZZZ8K09N0XXXXX,Audi,A4,2009,
WAUZZZ8E25A4XXXXX,Audi,A4,,
WAUZZZ8K1DA1XXXXX,Audi,A4,,
WAUZZZF54HA0XXXXX,Audi,A5,,
WBA5G11050D1XXXXX,BMW,5 Series,,estate
WAUZZZ8K1DA1XXXXX,Audi,A4,,
WBAFF41050L1XXXXX,BMW,X Series,,SUV
WAURV68T59A0XXXXX,Audi,A5,,
WAURV68T59A0XXXXX,Audi,S5,,coupe
WAUZZZ8L22A0XXXXX,Audi,,,hatchback
WBABN11020JVXXXXX,BMW,3 Series,,
WBABN11020JVXXXXX,BMW,3 Series,,coupe
WBAJA91050GFXXXXX,BMW,5 Series,,sedan
WBA5D71040G2XXXXX,BMW,5 Series,,
WBA5D71040G2XXXXX,BMW,5 Series,,
WBA5D71040G2XXXXX,BMW,5 Series,,
WBA5D71040G2XXXXX,BMW,5 Series,,sedan
WAUZZZ8K99A1XXXXX,Audi,A4,,
WAUZZZ8K99A1XXXXX,Audi,A4,,
WAUZZZ4M3GD0XXXXX,Audi,Q7,2016,
WAUZZZ4M3GD0XXXXX,Audi,Q7,,crossover
WAUZZZ8KXCA0XXXXX,Audi,A4,,
WAUZZZ4M3GD0XXXXX,Audi,Q7,,
WBAMX71060C2XXXXX,BMW,5 Series,,estate
WAUZZZ8KXCA0XXXXX,Audi,A4,,
WAUZZZ4M3GD0XXXXX,Audi,Q7,,SUV
WAUZZZ8E35A0XXXXX,Audi,A4,,
WAUZZZ8V1FA0XXXXX,Audi,A3,,
WAUZZZ4BX4N0XXXXX,Audi,A6,,
WAUZZZ8E35A0XXXXX,Audi,A4,,
WAUZZZ8V1FA0XXXXX,Audi,,2015,
WAUZZZ4BX4N0XXXXX,Audi,A6,,
WBAYC41030DZXXXXX,BMW,7 Series,,sedan
WBAGT610409DXXXXX,BMW,,,
WBAWZ519700MXXXXX,BMW,X Series,,SUV
WAUZZZ8K0BA0XXXXX,Audi,A4,,
WAUZZZF22LN0XXXXX,Audi,,,
WAUZZZ8K0BA0XXXXX,Audi,A4,,estate
WBAKD71040E4XXXXX,BMW,3 Series,,
WBAKD71040E4XXXXX,BMW,3 Series,,coupe
WAUZZZ8K0BA0XXXXX,Audi,A4,,
WBAUD71040PYXXXXX,BMW,1 Series,,hatchback
WBABR31020JPXXXXX,BMW,3 Series,,
WBABR31020JPXXXXX,BMW,3 Series,,convertible
WBAWB71010PBXXXXX,BMW,3 Series,,
WAUZZZF4XHA1XXXXX,Audi,A4,2017,
WAUZZZF4XHA1XXXXX,Audi,A4,,estate
WAUZZZ4G2CN1XXXXX,Audi,A6,,
WAUZZZ4G2CN1XXXXX,Audi,,,
WAUZZZ4B52N1XXXXX,Audi,A6,,
WAUZZZ4G6EN0XXXXX,Audi,A6,,
WAUZZZ4B52N1XXXXX,Audi,A6,,
WAUZZZ8K1EA0XXXXX,Audi,A4,,
WAUZZZ8K1EA0XXXXX,Audi,A4,,
WAUZZZ8V8LA0XXXXX,Audi,A3,,
WAUZZZ8VXH10XXXXX,Audi,A3,,
WAUZZZ8V8LA0XXXXX,Audi,,,
WBAAV31020JVXXXXX,BMW,3 Series,,sedan
WBAAV31020JVXXXXX,BMW,3 Series,,sedan
WAUZZZ8VXH10XXXXX,Audi,,,sedan
WBA4J5C5XKBMXXXXX,BMW,4 Series,2019,sedan
WBA4J5C5XKBMXXXXX,BMW,4 Series,,
WBA4J5C5XKBMXXXXX,BMW,4,,liftback
WBA1C11030VVXXXXX,BMW,1 Series,,
WBA1C11030VVXXXXX,BMW,1 Series,,hatchback
WAUZZZF38L10XXXXX,Audi,Q3,,
WAUZZZF38L10XXXXX,Audi,Q3,,
WAUZZZF38L10XXXXX,Audi,Q3,,SUV
WAUZZZ8T68A0XXXXX,Audi,A5,,
WAUZZZ8T68A0XXXXX,Audi,A5,,coupe
WAUZZZ8V2KA0XXXXX,Audi,A3,,
WAUZZZF2XLN0XXXXX,Audi,,,
WAUZZZ4G9CN0XXXXX,Audi,A6,2012,
WAUZZZ8V2KA0XXXXX,Audi,A3,,
WAUZZZ8V2KA0XXXXX,Audi,,,
WBAMX11030DYXXXXX,BMW,5 Series,,estate
WAUZZZFY2K21XXXXX,Audi,Q5,,
WBA3D310X0J2XXXXX,BMW,3 Series,,
WBA3D310X0J2XXXXX,BMW,3 Series,,sedan
WBAUG310X0PUXXXXX,BMW,1 Series,,hatchback
WBAVJ510609DXXXXX,BMW,,,
WAUZZZFY2K21XXXXX,Audi,Q5,,
WBA3A9G50ENSXXXXX,BMW,3 Series,2014,
WBA3A9G50ENSXXXXX,BMW,3 Series,2014,sedan
WBA8D11070K4XXXXX,BMW,3 Series,,hatchback
WAUZZZFY2K21XXXXX,Audi,Q5,,SUV
WBA3A9G50ENSXXXXX,BMW,3 Series,,
WBA3A9G50ENSXXXXX,BMW,3 Series,,sedan
WBA8D11070K4XXXXX,BMW,3 Series,,sedan
WAUZZZ4L97D0XXXXX,Audi,Q7,,
WAUZZZ4L97D0XXXXX,Audi,Q7,,
WAUZZZ4L97D0XXXXX,Audi,Q7,,
WAUZZZ4L97D0XXXXX,Audi,Q7,,SUV
5YMKT6C52J0YXXXXX,BMW,X5,2018,SUV
WBSBL91090JPXXXXX,BMW,3 Series,,coupe
WAUZZZ8K6BN0XXXXX,Audi,A4,,sedan
WAUZZZ8DZWA0XXXXX,Audi,A4,,
WBANC71090B1XXXXX,BMW,5 Series,,sedan
WBAJD11060G8XXXXX,BMW,5 Series,,sedan
WAUZZZ8K0CN0XXXXX,Audi,A4,,
WBAHE21050GEXXXXX,BMW,R,,sedan
WAUZZZ8K0CN0XXXXX,Audi,A4,2012,sedan
WAUZZZ8K0CN0XXXXX,Audi,A4,2012,
WBAHE21050GEXXXXX,BMW,5 Series,,sedan
WAUZZZF24LN0XXXXX,Audi,,,
WAUZZZ4FX8N0XXXXX,Audi,A6,,
WAUZZZ4FX8N0XXXXX,Audi,A6,,
WBAKS410000WXXXXX,BMW,X Series,,SUV
WUAZZZ8V4GA9XXXXX,Audi,A3,,
WUAZZZ8V4GA9XXXXX,Audi,A3,,
WAUZZZ4G1EN1XXXXX,Audi,A6,,
WBAWL71030PXXXXXX,BMW,3 Series,,convertible
WAUZZZ4G1EN1XXXXX,Audi,A6,,
WBA1A110X0VSXXXXX,BMW,1 Series,,hatchback
WAUZZZ4G7CN0XXXXX,Audi,A6,,sedan
WAUZZZ4G7CN0XXXXX,Audi,A6,2011,sedan
WAUZZZ4G7CN0XXXXX,Audi,A6,,
WAUZZZ4G7CN0XXXXX,Audi,,,
WBAVC91050KSXXXXX,BMW,3 Series,,sedan
WAUZZZ4F96N0XXXXX,Audi,A6,,
WBA8C51030P8XXXXX,BMW,3 Series,,sedan
WAUZZZ4F96N0XXXXX,Audi,A6,,
WAUENAF48JA2XXXXX,Audi,A4,2018,
WAUENAF48JA2XXXXX,Audi,A4,,
WAUZZZF16MD0XXXXX,Audi,Q8,,SUV
WAUZZZ8K6BA0XXXXX,Audi,A4,,
WAUZZZ8K6BA0XXXXX,Audi,A4,,
WAUENAF48JA2XXXXX,Audi,A4,,
WAUENAF48JA2XXXXX,Audi,A4,2018,sedan
WAUENAF48JA2XXXXX,Audi,A4,2018,sedan
WAUZZZ8K6BA0XXXXX,Audi,A4,,
WAUENAF48JA2XXXXX,Audi,A4,,sedan
WAUZZZ8V8J10XXXXX,Audi,,,sedan
WBAPK5C55AA6XXXXX,BMW,3 Series,2010,
WBAFW120X0D2XXXXX,BMW,5 Series,,sedan
WBANV1C55AC1XXXXX,BMW,5 Series,2010,
WBAXC2106DD2XXXXX,BMW,5 Series,2013,
WBAXC2106DD2XXXXX,BMW,5 Series,,hatchback
WAUZZZ4L98D0XXXXX,Audi,Q7,,
WAUZZZ4L98D0XXXXX,Audi,Q7,,SUV
WBA3D31010F3XXXXX,BMW,3 Series,,sedan
WBA3N9C51GK2XXXXX,BMW,4 Series,2016,
WAUZZZ8E34A2XXXXX,Audi,A4,,
WBAVC11030VEXXXXX,BMW,3 Series,,sedan
WBA3N9C51GK2XXXXX,BMW,4 Series,2016,
WBA3N9C51GK2XXXXX,BMW,4,,coupe
WBATX3503KNEXXXXX,BMW,X3,,
WAUZZZ8E34A2XXXXX,Audi,A4,,
WBATX3503KNEXXXXX,BMW,X Series,,SUV
WBANC710X0V6XXXXX,BMW,,,
WAUZZZ44ZJN2XXXXX,Audi,100,,
WAUZZZ44ZJN2XXXXX,Audi,A6,2007,
WAUZZZ44ZJN2XXXXX,Audi,100,,sedan
WBATX35010NCXXXXX,BMW,X Series,,SUV
WAUZZZ8K1DA0XXXXX,Audi,A4,,
WBAUT71050A3XXXXX,BMW,3 Series,,estate
WAUZZZ8P1AA1XXXXX,Audi,A3,,
WAUZZZ8P1AA1XXXXX,Audi,A3,,hatchback
WAUZZZ8P07A1XXXXX,Audi,A3,,hatchback
WAUZZZ8K1DA0XXXXX,Audi,A4,,
WAUZZZ8K1DA0XXXXX,Audi,A4,,
WAUZZZ8K1DA0XXXXX,Audi,A4,,estate
WBA3P12090KWXXXXX,BMW,4,,coupe
WAUZZZ8K1DA0XXXXX,Audi,A4,,
WBAKM21000CYXXXXX,BMW,7 Series,,sedan
WAUZZZ8P28A1XXXXX,Audi,A3,,
WAUZZZ8P28A1XXXXX,Audi,A3,,
WAUZZZ8P28A1XXXXX,Audi,A3,,
WAUZZZ8P28A1XXXXX,Audi,A3,,
WBAWM91090E2XXXXX,BMW,3 Series,,
WBAPK7G5XBNNXXXXX,BMW,3 Series,2011,
WBAWM91090E2XXXXX,BMW,3 Series,,convertible
WAUZZZ8P28A1XXXXX,Audi,A3,,hatchback
WAUZZZ8K9FA1XXXXX,Audi,A4,2015,
WAUZZZ8K9FA1XXXXX,Audi,A4,,
WBAPX11000CZXXXXX,BMW,5 Series,,estate
WBAVP71000VWXXXXX,BMW,X Series,,SUV
WBAFW11010DYXXXXX,BMW,5 Series,,sedan
WBAVC31060VGXXXXX,BMW,3 Series,,
WBAVC31030VCXXXXX,BMW,3 Series,,sedan
WBAVC31060VGXXXXX,BMW,3 Series,,sedan
WBAVC31060VGXXXXX,BMW,3 Series,,sedan
WBACB11000FCXXXXX,BMW,3 Series,,sedan
WBAVU31060KZXXXXX,BMW,3 Series,,
WBAVU31060KZXXXXX,BMW,3 Series,,
WBAVU31060KZXXXXX,BMW,3 Series,,estate
WAUZZZ4M1GD0XXXXX,Audi,Q7,,
WAUZZZ4M1GD0XXXXX,Audi,Q7,,
WAUZZZ4M1GD0XXXXX,Audi,Q7,,SUV
WBAFW110100YXXXXX,BMW,X Series,,SUV
WBA7C61050G7XXXXX,BMW,7 Series,,sedan
WBATX15060NAXXXXX,BMW,X3,,van
WBATX15060NAXXXXX,BMW,X Series,,SUV
WAUZZZ8P4AA0XXXXX,Audi,A3,,
WAUZZZ8P4AA0XXXXX,Audi,A3,,
WAUZZZ8P4AA0XXXXX,Audi,A3,,hatchback
WBS3C9C54FJ2XXXXX,BMW,3 Series,2015,
WBS3C9C54FJ2XXXXX,BMW,3 Series,,sedan
WBS3C9C54FJ2XXXXX,BMW,3 Series,2015,sedan
WAUZZZ4G3FN0XXXXX,Audi,A6,,estate
WAUZZZ4G3FN0XXXXX,Audi,,,
WBS3C9C54FJ2XXXXX,BMW,3 Series,,sedan
WAUZZZ8K78N0XXXXX,Audi,A4,,
WAUZZZ8K78N0XXXXX,Audi,A4,,sedan
WAUZZZ8E17A2XXXXX,Audi,A4,,
WAUZZZ8V2EA0XXXXX,Audi,A3,,
WAUZZZ8V2EA0XXXXX,Audi,,,hatchback
WAUZZZ8E17A2XXXXX,Audi,A4,,
WAUZZZ8K0BN0XXXXX,Audi,A4,,
WAUZZZ8K0BN0XXXXX,Audi,A4,,sedan
WAUZZZ4G3EN0XXXXX,Audi,A6,,
WBAVN31000VNXXXXX,BMW,X Series,,SUV
WAUZZZF2XKN0XXXXX,Audi,,,
WBA3K310X0F6XXXXX,BMW,3 Series,,
WBA3K310X0F6XXXXX,BMW,3 Series,,estate
5UXFG2C5XBLXXXXXX,BMW,X Series,,SUV
WAUZZZ8X7FB0XXXXX,Audi,,,hatchback
WAUZZZ8E35A5XXXXX,Audi,A4,,
WAUZZZ8E35A5XXXXX,Audi,A4,,SUV
WAUZZZ8E35A5XXXXX,Audi,A4,,
WAUZZZ4G5GN1XXXXX,Audi,A6,2016,
WAUZZZ4G5GN1XXXXX,Audi,A6,,
WAUZZZ4G9HN0XXXXX,Audi,A6,2017,
WAUZZZ8V3HA0XXXXX,Audi,,,hatchback
WAUZZZ4G5GN1XXXXX,Audi,A6,,
WAUZZZ4G9HN0XXXXX,Audi,A6,,
WAUZZZ4G9HN0XXXXX,Audi,A6,,
WAUZZZ4G9HN0XXXXX,Audi,A6,,van
WAUZZZ8E23A2XXXXX,Audi,A4,,
WAUZZZ4G9HN0XXXXX,Audi,A6,,
WAUZZZ8E23A2XXXXX,Audi,A4,,
WBA2E510705CXXXXX,BMW,2 Series,,multi-purpose vehicle
WBAWA710X0J0XXXXX,BMW,3 Series,,coupe
WAUZZZ4F89N0XXXXX,Audi,A6,,
WAUZZZ4F89N0XXXXX,Audi,A6,,
WAUZZZ8U1HR0XXXXX,Audi,Q3,2017,
WAUZZZ4F5AN0XXXXX,Audi,A6,,
WAUZZZ8U1HR0XXXXX,Audi,Q3,,
WAUZZZ4F5AN0XXXXX,Audi,A6,,
WAUZZZ8U1HR0XXXXX,Audi,Q3,,SUV
WBAVC31080VAXXXXX,BMW,3 Series,,sedan
WAUZZZ4GXHN0XXXXX,Audi,,,
WAUZZZ4FX9N0XXXXX,Audi,A6,,
WAUZZZ4FX9N0XXXXX,Audi,A6,,
WAUZZZ4FX9N0XXXXX,Audi,A6,,
WAUZZZF44GA0XXXXX,Audi,A4,2016,sedan
WAUZZZF44GA0XXXXX,Audi,A4,,
WBAVC11010VEXXXXX,BMW,3 Series,,sedan
WBA8E11080K4XXXXX,BMW,3 Series,,
WAUZZZF44GA0XXXXX,Audi,,2016,sedan
WBABD11030PMXXXXX,BMW,3 Series,,
WBABD11030PMXXXXX,BMW,3 Series,,
WBABD11030PMXXXXX,BMW,3 Series,,
WBA8E11080K4XXXXX,BMW,3 Series,,sedan
WBABD11030PMXXXXX,BMW,3 Series,,
WBA8X11080CDXXXXX,BMW,3 Series,,
WBA8E11080K4XXXXX,BMW,3 Series,,sedan
WBA8E11080K4XXXXX,BMW,3 Series,,sedan
WBASN42010C2XXXXX,BMW,5 Series,,hatchback
WBA7L110907JXXXXX,BMW,1 Series,,
WBAJD51060BCXXXXX,BMW,5 Series,,sedan
WBACJ11060LAXXXXX,BMW,Z Series,,convertible
WBA7L110907JXXXXX,BMW,,,
WAUZZZ4G1HN1XXXXX,Audi,A6,2017,
WAUZZZ4G1HN1XXXXX,Audi,A6,2017,estate
WBAJY41020CHXXXXX,BMW,,,sedan
WBA3D11050F3XXXXX,BMW,3 Series,,sedan
WAUZZZ8K8AA0XXXXX,Audi,A4,,
WAUZZZ8K8AA0XXXXX,Audi,A4,,
WAUZZZ8K8AA0XXXXX,Audi,A4,,
WAUZZZ8K0DA2XXXXX,Audi,A4,,
WA1DGAFP4DA0XXXXX,Audi,Q5,2013,SUV
WAUZZZ8K0DA2XXXXX,Audi,A4,,
WAUZZZ8K0DA2XXXXX,Audi,A4,2013,
WA1DGAFP4DA0XXXXX,Audi,Q5,,
WAUZZZ8K0DA2XXXXX,Audi,A4,,estate
WA1DGAFP4DA0XXXXX,Audi,Q5,,
WBA5U91080FLXXXXX,BMW,3 Series,,
WAUZZZ8K0DA2XXXXX,Audi,A4,,
WAUZZZZ4G5GNXXXXX,Audi,,,
WBAUF92070PSXXXXX,BMW,1 Series,,hatchback
WAUZZZ8E22A1XXXXX,Audi,A4,,
WAUZZZ8E22A1XXXXX,Audi,A4,,
WAUZZZ8K2DA0XXXXX,Audi,A4,,
WAUZZZF46JA2XXXXX,Audi,A4,,
WAUZZZF46JA2XXXXX,Audi,A4,,
WAUZZZ8K2DA0XXXXX,Audi,A4,,
WAUZZZF46JA2XXXXX,Audi,A4,,
WAUZZZ8K2DA0XXXXX,Audi,A4,,
WBA1J7C50GV3XXXXX,BMW,2 Series,,
WBA1J7C50GV3XXXXX,BMW,2 Series,2016,
WBAVC31060VGXXXXX,BMW,3 Series,,
WBAVC31060VGXXXXX,BMW,3 Series,,sedan
WBA1J7C50GV3XXXXX,BMW,2 Series,,coupe
WBANX71090CSXXXXX,BMW,5 Series,,
WBAUX32050A3XXXXX,BMW,,,estate
WBANX71090CSXXXXX,BMW,530D,,sedan
WBAUX32050A3XXXXX,BMW,3 Series,,estate
WAUZZZ4F46N0XXXXX,Audi,A6,,
WAUZZZ4F46N0XXXXX,Audi,A6,,
WBAKM21050CYXXXXX,BMW,7 Series,,
WBAUB31050VNXXXXX,BMW,1 Series,,hatchback
WAUZZZ8P8AA0XXXXX,Audi,A3,,
WAUZZZ4EX3N0XXXXX,Audi,A8,,
WAUZZZ8P8AA0XXXXX,Audi,A3,,
WBAKM21050CYXXXXX,BMW,7 Series,,sedan
WAUZZZ4EX3N0XXXXX,Audi,A8,,sedan
WAUZZZ8P8AA0XXXXX,Audi,A3,,hatchback
WBAKM21050CYXXXXX,BMW,7 Series,,sedan
WBA5D11060D7XXXXX,BMW,5 Series,,
WAUZZZ8K6AA0XXXXX,Audi,A4,2010,
WBA5D11060D7XXXXX,BMW,R,,sedan
WBA5D11060D7XXXXX,BMW,5 Series,,sedan
WAUZZZGY5PA0XXXXX,Audi,A3,,
WAUZZZGY5PA0XXXXX,Audi,,,
WAUZZZ8P06A0XXXXX,Audi,A3,2006,
WBAPX71080B9XXXXX,BMW,5 Series,,
WBAPX71080B9XXXXX,BMW,5 Series,,estate
WBAPD71060WFXXXXX,BMW,X3,,sedan
WBAPX71080B9XXXXX,BMW,5 Series,,estate
WBAPD71060WFXXXXX,BMW,X Series,,SUV
WAUZZZ4M4GD0XXXXX,Audi,Q7,2016,
WAUZZZ8K4DA2XXXXX,Audi,A4,,
WAUZZZ8K4DA2XXXXX,Audi,A4,,SUV
WAUZZZ4G8JN1XXXXX,Audi,A6,2018,
WAUZZZ8T5AA0XXXXX,Audi,A5,,
WAUZZZ8K4DA2XXXXX,Audi,A4,2013,
WAUZZZ8T5AA0XXXXX,Audi,A5,,
WAUZZZ4G8JN1XXXXX,Audi,A6,,
WAUZZZ4G8JN1XXXXX,Audi,A6,,
WBSGV02080CLXXXXX,BMW,8 Series,,
WA1AWAF16LD0XXXXX,Audi,Q8,,SUV
WBADL81020GXXXXXX,BMW,5 Series,,
WBADL81020GXXXXXX,BMW,5 Series,,
WBADL81020GXXXXXX,BMW,5 Series,,
WBADL81020GXXXXXX,BMW,5 Series,,sedan
WAUZZZBE22A2XXXXX,Audi,,,
WBAJN71020BJXXXXX,BMW,5 Series,,estate
WBAPN31030VHXXXXX,BMW,3 Series,,
WBAPN31030VHXXXXX,BMW,3 Series,,sedan
WAUZZZF20LN0XXXXX,Audi,A6,,
WAUZZZF20LN0XXXXX,Audi,,,
WBS1H91030V8XXXXX,BMW,2 Series,,
WBAVC31020VCXXXXX,BMW,3 Series,,
WBS1H91030V8XXXXX,BMW,2 Series,,coupe
WAUZZZ4BZ1N0XXXXX,Audi,A6,,
WAUZZZ4BZ1N0XXXXX,Audi,A6,2000,sedan
WAUZZZ4BZ1N0XXXXX,Audi,A6,,
WBAVC31020VCXXXXX,BMW,3 Series,,sedan
WBAJD51040BLXXXXX,BMW,5 Series,,sedan
WAUZZZ4BZ1N0XXXXX,Audi,A6,,
WAUZZZ4G9DN0XXXXX,Audi,A7,2013,
WBAUG51050PVXXXXX,BMW,1 Series,,
WBAUG51050PVXXXXX,BMW,1 Series,,hatchback
WBSCD91090EXXXXXX,BMW,3 Series,,sedan
WBSCD91090EXXXXXX,BMW,3 Series,,sedan
WAUZZZF57KA0XXXXX,Audi,A5,,
WAUZZZF57KA0XXXXX,Audi,A5,,
WAUZZZF57KA0XXXXX,Audi,A5,,liftback
WBAWY710000CXXXXX,BMW,X Series,,SUV
WBAWC91030PWXXXXX,BMW,3 Series,,coupe
WBA2N31060VBXXXXX,BMW,2 Series,,convertible
WBAPB51070WBXXXXX,BMW,X3,,
WBAJR71010WWXXXXX,BMW,5 Series,,sedan
WBAJD51010BLXXXXX,BMW,5 Series,,sedan
WBA5D52020D3XXXXX,BMW,5 Series,,sedan
WBAPB51070WBXXXXX,BMW,X3,,crossover
WAUZZZ8P4CA0XXXXX,Audi,A3,,hatchback
WAUZZZ8P4CA0XXXXX,Audi,A3,,
WAUZZZ8P4CA0XXXXX,Audi,A3,2012,
WAUZZZ8K89A0XXXXX,Audi,A4,,
WAUZZZ8K89A0XXXXX,Audi,A4,,
WAUZZZ8K89A0XXXXX,Audi,A4,2009,estate
WAUZZZ8V0GA1XXXXX,Audi,A3,,hatchback
WBAFW31080C5XXXXX,BMW,5 Series,,sedan
WBAFW31080C5XXXXX,BMW,5 Series,,sedan
WAUZZZ8P66A1XXXXX,Audi,A3,,
WAUZZZ8P66A1XXXXX,Audi,A3,,hatchback
WAUZZZ8V9GA1XXXXX,Audi,,,hatchback
WAUZZZ8V9HA0XXXXX,Audi,A3,,
WAUZZZ8V9HA0XXXXX,Audi,,,hatchback
WAUZZZ8X6GB0XXXXX,Audi,A1,,
WAUZZZ8X6GB0XXXXX,Audi,A1,,
WBA1C71030J0XXXXX,BMW,1 Series,,
WBANC31016CXXXXXX,BMW,5 Series,,sedan
WBA1C71030J0XXXXX,BMW,1 Series,,hatchback
WBA1C71030J0XXXXX,BMW,1 Series,,hatchback
WAUZZZ8X6GB0XXXXX,Audi,A1,,hatchback
WBAFW11010DUXXXXX,BMW,5 Series,,
WBAFW11010DUXXXXX,BMW,5 Series,,sedan
WAUZZZ8KXAN0XXXXX,Audi,A4,,
WAUZZZ8KXAN0XXXXX,Audi,A4,,sedan
WAUZZZ8K79A0XXXXX,Audi,A4,,
WAUZZZ8T09A0XXXXX,Audi,A5,,
WAUZZZ8K79A0XXXXX,Audi,A4,,
WAUZZZ8K79A0XXXXX,Audi,A4,,
WAUZZZ8T09A0XXXXX,Audi,A5,,coupe
WBASN61020C4XXXXX,BMW,530D (EUR),,hatchback
WAUZZZ8P9BA1XXXXX,Audi,A3,,
WAUZZZ8P9BA1XXXXX,Audi,A3,,hatchback
WBAAS71050CHXXXXX,BMW,3 Series,,
WBA3K51030K3XXXXX,BMW,3 Series,,estate
WBAAS71050CHXXXXX,BMW,3 Series,,sedan
WBA2D710105CXXXXX,BMW,2 Series,,van
WBAVT91010KVXXXXX,BMW,3 Series,,
WBA2D710105CXXXXX,BMW,2 Series,,multi-purpose vehicle
WBAVT91010KVXXXXX,BMW,3 Series,,estate
WAUZZZ4E24N0XXXXX,Audi,A8,2004,
WBA1V71000V8XXXXX,BMW,1 Series,,hatchback
WAUZZZ8V1FA1XXXXX,Audi,,2015,
WAUZZZ8K5FA0XXXXX,Audi,A4,2015,
WAUZZZ8K5FA0XXXXX,Audi,A4,,
WAUZZZ8K5FA0XXXXX,Audi,A4,,
WAURVAFD1BN0XXXXX,Audi,A8,2011,
WAUZZZ8K5FA0XXXXX,Audi,A4,,
WBAMX11060DYXXXXX,BMW,5 Series,,estate
WBAAS71050FYXXXXX,BMW,3 Series,,sedan
WBAFB71060LXXXXXX,BMW,X Series,,SUV
WBAAS71050FYXXXXX,BMW,3 Series,,sedan
WBAWC31090PWXXXXX,BMW,3 Series,,
WBAWC31090PWXXXXX,BMW,3 Series,,coupe
WAUZZZ8P8AA0XXXXX,Audi,A3,,
WAUZZZ8P0BA0XXXXX,Audi,A3,,
WAUZZZ8P0BA0XXXXX,Audi,A3,,
WAUZZZ8P0BA0XXXXX,Audi,A3,,
WAUZZZ8P8AA0XXXXX,Audi,A3,,
WAUZZZ8P0BA0XXXXX,Audi,A3,,hatchback
WAUZZZ8P8AA0XXXXX,Audi,A3,,hatchback
WBAMX11010DYXXXXX,BMW,5 Series,,estate
WBAZW41060L8XXXXX,BMW,X Series,,SUV
WAUZZZ8T6AA0XXXXX,Audi,A5,,
WAUZZZ4F08N0XXXXX,Audi,A6,,
WAUZZZ4F08N0XXXXX,Audi,A6,,
WBAFF02020L2XXXXX,BMW,X5,,estate
WAUZZZ8T6AA0XXXXX,Audi,A5,,
WAUZZZ8T6AA0XXXXX,Audi,A5,,
WAUZZZF36L10XXXXX,Audi,Q3,,
WAUZZZF56JA1XXXXX,Audi,A5,,
WAUZZZF36L10XXXXX,Audi,Q3,,SUV
WAUZZZF56JA1XXXXX,Audi,A5,,liftback
WBAVT91010KXXXXXX,BMW,3 Series,,
WBAVT91010KXXXXXX,BMW,3 Series,,estate
WBAWY310900AXXXXX,BMW,X3,,
WBAWY310900AXXXXX,BMW,X Series,,SUV
WAUZZZ8KXBA0XXXXX,Audi,A4,,
WBAUR31000VFXXXXX,BMW,1 Series,,coupe
WUAZZZ4G4FN9XXXXX,Audi,,,
WAUZZZ4G8CN1XXXXX,Audi,A6,2012,
WBAXA31020DWXXXXX,BMW,5 Series,2012,
WBAKS4108H0RXXXXX,BMW,X5,,
WBAKS4108H0RXXXXX,BMW,X Series,,SUV
WAUZZZ8R2AA0XXXXX,Audi,Q5,,
WAUZZZ8R2AA0XXXXX,Audi,Q5,,SUV
WAUZZZ8P07A2XXXXX,Audi,A3,,
WAUZZZ8P07A2XXXXX,Audi,A3,,
WAUZZZ8TX8A0XXXXX,Audi,A5,,
WAUZZZ8P07A2XXXXX,Audi,A3,,hatchback
WBAFB71050LXXXXXX,BMW,X Series,,SUV
WAUZZZ8TX8A0XXXXX,Audi,A5,,
WAUZZZ8TX8A0XXXXX,Audi,A5,,coupe
WBAJM91020BHXXXXX,BMW,5 Series,,
WBAJM91020BHXXXXX,BMW,5 Series,,
WBAJM91020BHXXXXX,BMW,5 Series,,estate
WBAUH31060E5XXXXX,BMW,1 Series,,hatchback
WBAVA71040PRXXXXX,BMW,3 Series,,sedan
WBAKM81070CYXXXXX,BMW,7 Series,,
WBAVA71040PRXXXXX,BMW,3 Series,,sedan
WBAVA71040PRXXXXX,BMW,3 Series,,sedan
WBAKM81070CYXXXXX,BMW,5 Series,,
WBAKM81070CYXXXXX,BMW,7 Series,,sedan
WBAWY31080L6XXXXX,BMW,X3,,SUV
WBAAS71060FYXXXXX,BMW,3 Series,,
WBAAS71060FYXXXXX,BMW,3 Series,,sedan
WBAWY31080L6XXXXX,BMW,X Series,,SUV
WBAAS71060FYXXXXX,BMW,3 Series,,sedan
4USBT33443LRXXXXX,BMW,Z4,2003,
WBAFG01040L3XXXXX,BMW,X Series,,SUV
WBA4B310X0D6XXXXX,BMW,4,,liftback
WBA2E510205FXXXXX,BMW,2 Series,,multi-purpose vehicle
WAUZZZ8X0BB0XXXXX,Audi,A1,,hatchback
WAUZZZ8P5AA0XXXXX,Audi,A3,,
WAUZZZ8P5AA0XXXXX,Audi,A3,,
WAUZZZ8P5AA0XXXXX,Audi,A3,,hatchback
WAUZZZ8K99A0XXXXX,Audi,A4,,
WAUZZZ8K99A0XXXXX,Audi,A4,,
WAUZZZ8K99A0XXXXX,Audi,A4,2009,
WBA5V51030AJXXXXX,BMW,3 Series,,sedan
5UXZV8C53D0CXXXXX,BMW,X5,2013,
WBA3B51090F7XXXXX,BMW,3 Series,,sedan
WAUZZZ8V7GA1XXXXX,Audi,A3,,hatchback
WAUZZZ8V7GA1XXXXX,Audi,,,hatchback
WAUZZZ8K0FA0XXXXX,Audi,A4,2015,
WAUZZZ8U5CR0XXXXX,Audi,Q3,,SUV
WBAWK71030P2XXXXX,BMW,3 Series,,convertible
WBADP810X0GWXXXXX,BMW,5 Series,,
WB10A0409FZ2XXXXX,BMW,,,motorcycle
WBADP810X0GWXXXXX,BMW,5 Series,,estate
WAUZZZ8K1FA1XXXXX,Audi,A4,,
WAUZZZ4F69N0XXXXX,Audi,A6,,
WBAMW91050DVXXXXX,BMW,5 Series,,estate
WAUZZZ4F69N0XXXXX,Audi,A6,,
WAUZZZ4F69N0XXXXX,Audi,A6,,
WAUZZZ4F69N0XXXXX,Audi,A6,,
WAUZZZ8K29A1XXXXX,Audi,A4,,
WAUZZZ4M3GD0XXXXX,Audi,Q7,,
WBA3S91010K3XXXXX,BMW,4,,
WAUZZZF51KA0XXXXX,Audi,A5,,hatchback
WBAPF51070A4XXXXX,BMW,3 Series,,
WBAPF51070A4XXXXX,BMW,3 Series,,sedan
WBAPF51070A4XXXXX,BMW,3 Series,,sedan
WBABS52060EHXXXXX,BMW,3 Series,,
WBAJW81000BKXXXXX,BMW,6 Series,,
WBAJW81000BKXXXXX,BMW,6 Series,,hatchback
WBS4Y92030ABXXXXX,BMW,4 Series,,
WBS4Y92030ABXXXXX,BMW,4 Series,,
WBAXX110800TXXXXX,BMW,X4,,crossover
WBAXX110800TXXXXX,BMW,X Series,,SUV
WBANX51020C0XXXXX,BMW,5 Series,,sedan
WAUZZZ4G1GN0XXXXX,Audi,A6,2016,sedan
WBA1M51090V3XXXXX,BMW,2 Series,,convertible
WAUZZZ8E64A0XXXXX,Audi,A4,,
WBA3R5C55FK3XXXXX,BMW,4 Series,,
WBA3R5C55FK3XXXXX,BMW,4,,coupe
WBAPX51020C1XXXXX,BMW,5 Series,,SUV
WAUZZZ8K2BA0XXXXX,Audi,A4,,
WBA1C31070E9XXXXX,BMW,1 Series,,hatchback
WAUZZZ8E87A0XXXXX,Audi,A4,,
WBAPX51020C1XXXXX,BMW,5 Series,,estate
WAUZZZ4F47N0XXXXX,Audi,A6,2007,
WAUZZZ8K0BA0XXXXX,Audi,A4,,
WAUZZZ8K0BA0XXXXX,Audi,A4,,
WBAVC93518K0XXXXX,BMW,3 Series,,sedan
WAUZZZ4L98D0XXXXX,Audi,Q7,,van
WAUZZZ4L98D0XXXXX,Audi,Q7,,
WAUZZZ4L98D0XXXXX,Audi,Q7,,SUV
WBAWD51070P0XXXXX,BMW,3 Series,,coupe
TRUZZZ8J7A10XXXXX,Audi,TT,,
WAUZZZ4F28N1XXXXX,Audi,A6,,
WBAPX31090C3XXXXX,BMW,5 Series,,estate
TRUZZZ8J7A10XXXXX,Audi,TT,,
WBA3D91050F4XXXXX,BMW,3 Series,,
TRUZZZ8J7A10XXXXX,Audi,TT,,
WBACV610X09BXXXXX,BMW,2 Series,,van
WBA3D91050F4XXXXX,BMW,3 Series,,sedan
WBACV610X09BXXXXX,BMW,X5,,SUV
